Round,FPR,FRR
0,0,0
1,0.0,0.25
2,0.0,0.25
3,0.0,0.175
4,0.0,0.275
5,0.0,0.225
6,0.0,0.225
7,0.0,0.25
8,0.0,0.275
9,0.0,0.3
10,0.0,0.275
11,0.0,0.25
12,0.0,0.2
13,0.0,0.325
14,0.0,0.275
15,0.0,0.275
16,0.0,0.2
17,0.0,0.175
18,0.0,0.225
19,0.0,0.175
20,0.0,0.175
21,0.0,0.35
22,0.0,0.275
23,0.0,0.275
24,0.0,0.25
25,0.0,0.2
26,0.0,0.375
27,0.0,0.275
28,0.0,0.25
29,0.0,0.225
30,0.0,0.175
31,0.0,0.35
32,0.0,0.2
33,0.0,0.2
34,0.0,0.15
35,0.0,0.175
36,0.0,0.25
37,0.0,0.175
38,0.0,0.275
39,0.0,0.125
40,0.0,0.3
41,0.0,0.175
42,0.0,0.4
43,0.0,0.275
44,0.0,0.225
45,0.0,0.275
46,0.0,0.275
47,0.0,0.25
48,0.0,0.2
49,0.0,0.175
50,0.0,0.15
51,0.0,0.225
52,0.0,0.225
53,0.0,0.175
54,0.0,0.225
55,0.0,0.375
56,0.0,0.325
57,0.0,0.225
58,0.0,0.375
59,0.0,0.275
60,0.0,0.275
61,0.0,0.425
62,0.0,0.3
63,0.0,0.3
64,0.0,0.5
65,0.0,0.25
66,0.0,0.275
67,0.0,0.175
68,0.0,0.325
69,0.0,0.3
70,0.0,0.225
71,0.0,0.2
72,0.0,0.225
73,0.0,0.275
74,0.0,0.2
75,0.0,0.225
76,0.0,0.2
77,0.0,0.275
78,0.0,0.175
79,0.0,0.3
80,0.0,0.2
81,0.0,0.275
82,0.0,0.225
83,0.0,0.225
84,0.0,0.3
85,0.0,0.2
86,0.0,0.125
87,0.0,0.2
88,0.0,0.3
89,0.0,0.275
90,0.0,0.175
91,0.0,0.3
92,0.0,0.15
93,0.0,0.075
94,0.0,0.3
95,0.0,0.225
96,0.0,0.25
97,0.0,0.225
98,0.0,0.225
99,0.0,0.125
100,0.0,0.325
101,0.0,0.3
102,0.0,0.325
103,0.0,0.2
104,0.0,0.425
105,0.0,0.25
106,0.0,0.25
107,0.0,0.25
108,0.0,0.2
109,0.0,0.25
110,0.0,0.25
111,0.0,0.3
112,0.0,0.175
113,0.0,0.25
114,0.0,0.375
115,0.0,0.25
116,0.0,0.325
117,0.0,0.2
118,0.0,0.225
119,0.0,0.225
120,0.0,0.2
121,0.0,0.225
122,0.0,0.225
123,0.0,0.325
124,0.0,0.325
125,0.0,0.3
126,0.0,0.275
127,0.0,0.375
128,0.0,0.2
129,0.0,0.2
130,0.0,0.2
131,0.0,0.3
132,0.0,0.3
133,0.0,0.225
134,0.0,0.225
135,0.0,0.125
136,0.0,0.275
137,0.0,0.25
138,0.0,0.15
139,0.0,0.275
140,0.0,0.2
141,0.0,0.325
142,0.0,0.375
143,0.0,0.15
144,0.0,0.325
145,0.0,0.275
146,0.0,0.3
147,0.0,0.25
148,0.0,0.35
149,0.0,0.225
150,0.0,0.175
151,0.0,0.2
152,0.0,0.25
153,0.0,0.15
154,0.0,0.2
155,0.0,0.175
156,0.0,0.2
157,0.0,0.2
158,0.0,0.3
159,0.0,0.35
160,0.0,0.3
161,0.0,0.225
162,0.0,0.25
163,0.0,0.275
164,0.0,0.35
165,0.0,0.275
166,0.0,0.25
167,0.0,0.15
168,0.0,0.175
169,0.0,0.175
170,0.0,0.275
171,0.0,0.175
172,0.0,0.3
173,0.0,0.225
174,0.0,0.275
175,0.0,0.275
176,0.0,0.25
177,0.0,0.225
178,0.0,0.25
179,0.0,0.425
180,0.0,0.25
181,0.0,0.1
182,0.0,0.35
183,0.0,0.225
184,0.0,0.05
185,0.0,0.4
186,0.0,0.3
187,0.0,0.25
188,0.0,0.325
189,0.0,0.25
190,0.0,0.15
191,0.0,0.25
192,0.0,0.175
193,0.0,0.225
194,0.0,0.275
195,0.0,0.3
196,0.0,0.3
197,0.0,0.3
198,0.0,0.25
199,0.0,0.125
200,0.0,0.25
201,0.0,0.25
202,0.0,0.275
203,0.0,0.2
204,0.0,0.25
205,0.0,0.3
206,0.0,0.275
207,0.0,0.35
208,0.0,0.3
209,0.0,0.225
210,0.0,0.35
211,0.0,0.225
212,0.0,0.25
213,0.0,0.325
214,0.0,0.275
215,0.0,0.3
216,0.0,0.075
217,0.0,0.25
218,0.0,0.25
219,0.0,0.325
220,0.0,0.4
221,0.0,0.3
222,0.0,0.25
223,0.0,0.25
224,0.0,0.225
225,0.0,0.2
226,0.0,0.225
227,0.0,0.125
228,0.0,0.225
229,0.0,0.15
230,0.0,0.25
231,0.0,0.2
232,0.0,0.275
233,0.0,0.2
234,0.0,0.175
235,0.0,0.25
236,0.0,0.325
237,0.0,0.25
238,0.0,0.325
239,0.0,0.3
240,0.0,0.3
241,0.0,0.3
242,0.0,0.2
243,0.0,0.275
244,0.0,0.175
245,0.0,0.25
246,0.0,0.25
247,0.0,0.15
248,0.0,0.125
249,0.0,0.175
250,0.0,0.275
251,0.0,0.325
252,0.0,0.225
253,0.0,0.25
254,0.0,0.3
255,0.0,0.15
256,0.0,0.275
257,0.0,0.125
258,0.0,0.2
259,0.0,0.325
260,0.0,0.225
261,0.0,0.15
262,0.0,0.175
263,0.0,0.175
264,0.0,0.225
265,0.0,0.275
266,0.0,0.325
267,0.0,0.2
268,0.0,0.275
269,0.0,0.275
270,0.0,0.225
271,0.0,0.25
272,0.0,0.275
273,0.0,0.325
274,0.0,0.2
275,0.0,0.375
276,0.0,0.375
277,0.0,0.275
278,0.0,0.3
279,0.0,0.175
280,0.0,0.2
281,0.0,0.325
282,0.0,0.175
283,0.0,0.375
284,0.0,0.25
285,0.0,0.15
286,0.0,0.275
287,0.0,0.25
288,0.0,0.225
289,0.0,0.275
290,0.0,0.25
291,0.0,0.25
292,0.0,0.325
293,0.0,0.35
294,0.0,0.25
295,0.0,0.325
296,0.0,0.275
297,0.0,0.2
298,0.0,0.225
299,0.0,0.225
300,0.0,0.175
0,0,0
1,0.0,0.325
2,0.0,0.325
3,0.0,0.2
4,0.0,0.25
5,0.0,0.175
6,0.0,0.25
7,0.0,0.25
8,0.0,0.225
9,0.0,0.1
10,0.0,0.375
11,0.0,0.2
12,0.0,0.2
13,0.0,0.225
14,0.0,0.3
15,0.0,0.275
16,0.0,0.225
17,0.0,0.275
18,0.0,0.325
19,0.0,0.225
20,0.0,0.325
21,0.0,0.175
22,0.0,0.3
23,0.0,0.125
24,0.0,0.35
25,0.0,0.225
26,0.0,0.15
27,0.0,0.275
28,0.0,0.3
29,0.0,0.2
30,0.0,0.25
31,0.0,0.25
32,0.0,0.15
33,0.0,0.275
34,0.0,0.2
35,0.0,0.325
36,0.0,0.375
37,0.0,0.3
38,0.0,0.35
39,0.0,0.275
40,0.0,0.2
41,0.0,0.15
42,0.0,0.3
43,0.0,0.275
44,0.0,0.3
45,0.0,0.225
46,0.0,0.325
47,0.0,0.125
48,0.0,0.2
49,0.0,0.375
50,0.0,0.35
51,0.0,0.25
52,0.0,0.275
53,0.0,0.25
54,0.0,0.2
55,0.0,0.35
56,0.0,0.175
57,0.0,0.225
58,0.0,0.275
59,0.0,0.35
60,0.0,0.225
61,0.0,0.225
62,0.0,0.3
63,0.0,0.3
64,0.0,0.175
65,0.0,0.225
66,0.0,0.175
67,0.0,0.275
68,0.0,0.25
69,0.0,0.2
70,0.0,0.325
71,0.0,0.175
72,0.0,0.3
73,0.0,0.225
74,0.0,0.125
75,0.0,0.25
76,0.0,0.2
77,0.0,0.175
78,0.0,0.2
79,0.0,0.3
80,0.0,0.225
81,0.0,0.25
82,0.0,0.175
83,0.0,0.2
84,0.0,0.15
85,0.0,0.25
86,0.0,0.225
87,0.0,0.175
88,0.0,0.2
89,0.0,0.15
90,0.0,0.35
91,0.0,0.225
92,0.0,0.225
93,0.0,0.175
94,0.0,0.25
95,0.0,0.325
96,0.0,0.2
97,0.0,0.175
98,0.0,0.275
99,0.0,0.15
100,0.0,0.2
101,0.0,0.325
102,0.0,0.3
103,0.0,0.35
104,0.0,0.225
105,0.0,0.3
106,0.0,0.325
107,0.0,0.25
108,0.0,0.275
109,0.0,0.15
110,0.0,0.275
111,0.0,0.275
112,0.0,0.25
113,0.0,0.275
114,0.0,0.4
115,0.0,0.175
116,0.0,0.2
117,0.0,0.3
118,0.0,0.275
119,0.0,0.2
120,0.0,0.2
121,0.0,0.325
122,0.0,0.225
123,0.0,0.175
124,0.0,0.325
125,0.0,0.15
126,0.0,0.225
127,0.0,0.25
128,0.0,0.225
129,0.0,0.225
130,0.0,0.275
131,0.0,0.15
132,0.0,0.2
133,0.0,0.275
134,0.0,0.2
135,0.0,0.35
136,0.0,0.325
137,0.0,0.2
138,0.0,0.3
139,0.0,0.2
140,0.0,0.225
141,0.0,0.25
142,0.0,0.25
143,0.0,0.325
144,0.0,0.325
145,0.0,0.2
146,0.0,0.2
147,0.0,0.35
148,0.0,0.25
149,0.0,0.3
150,0.0,0.225
151,0.0,0.175
152,0.0,0.1
153,0.0,0.275
154,0.0,0.2
155,0.0,0.275
156,0.0,0.25
157,0.0,0.2
158,0.0,0.325
159,0.0,0.325
160,0.0,0.3
161,0.0,0.275
162,0.0,0.2
163,0.0,0.275
164,0.0,0.15
165,0.0,0.2
166,0.0,0.25
167,0.0,0.175
168,0.0,0.25
169,0.0,0.175
170,0.0,0.4
171,0.0,0.25
172,0.0,0.375
173,0.0,0.15
174,0.0,0.25
175,0.0,0.35
176,0.0,0.125
177,0.0,0.25
178,0.0,0.225
179,0.0,0.325
180,0.0,0.25
181,0.0,0.175
182,0.0,0.25
183,0.0,0.475
184,0.0,0.275
185,0.0,0.275
186,0.0,0.15
187,0.0,0.225
188,0.0,0.325
189,0.0,0.225
190,0.0,0.2
191,0.0,0.225
192,0.0,0.375
193,0.0,0.125
194,0.0,0.15
195,0.0,0.25
196,0.0,0.225
197,0.0,0.325
198,0.0,0.175
199,0.0,0.25
200,0.0,0.225
201,0.0,0.225
202,0.0,0.375
203,0.0,0.15
204,0.0,0.325
205,0.0,0.225
206,0.0,0.35
207,0.0,0.175
208,0.0,0.275
209,0.0,0.325
210,0.0,0.175
211,0.0,0.175
212,0.0,0.175
213,0.0,0.1
214,0.0,0.275
215,0.0,0.175
216,0.0,0.375
217,0.0,0.325
218,0.0,0.075
219,0.0,0.125
220,0.0,0.225
221,0.0,0.1
222,0.0,0.225
223,0.0,0.3
224,0.0,0.275
225,0.0,0.125
226,0.0,0.2
227,0.0,0.325
228,0.0,0.15
229,0.0,0.3
230,0.0,0.175
231,0.0,0.25
232,0.0,0.375
233,0.0,0.4
234,0.0,0.3
235,0.0,0.175
236,0.0,0.3
237,0.0,0.25
238,0.0,0.075
239,0.0,0.2
240,0.0,0.2
241,0.0,0.3
242,0.0,0.15
243,0.0,0.25
244,0.0,0.325
245,0.0,0.325
246,0.0,0.225
247,0.0,0.175
248,0.0,0.2
249,0.0,0.225
250,0.0,0.275
251,0.0,0.225
252,0.0,0.225
253,0.0,0.275
254,0.0,0.15
255,0.0,0.2
256,0.0,0.3
257,0.0,0.15
258,0.0,0.175
259,0.0,0.35
260,0.0,0.2
261,0.0,0.225
262,0.0,0.3
263,0.0,0.125
264,0.0,0.275
265,0.0,0.275
266,0.0,0.2
267,0.0,0.175
268,0.0,0.225
269,0.0,0.25
270,0.0,0.175
271,0.0,0.25
272,0.0,0.275
273,0.0,0.225
274,0.0,0.325
275,0.0,0.475
276,0.0,0.225
277,0.0,0.375
278,0.0,0.125
279,0.0,0.3
280,0.0,0.3
281,0.0,0.3
282,0.0,0.4
283,0.0,0.225
284,0.0,0.275
285,0.0,0.175
286,0.0,0.2
287,0.0,0.325
288,0.0,0.3
289,0.0,0.2
290,0.0,0.3
291,0.0,0.35
292,0.0,0.275
293,0.0,0.25
294,0.0,0.3
295,0.0,0.25
296,0.0,0.25
297,0.0,0.225
298,0.0,0.25
299,0.0,0.2
300,0.0,0.425
0,0,0
1,0.0,0.225
2,0.0,0.275
3,0.0,0.25
4,0.0,0.4
5,0.0,0.225
6,0.0,0.325
7,0.0,0.325
8,0.0,0.225
9,0.0,0.325
10,0.0,0.275
11,0.0,0.35
12,0.0,0.275
13,0.0,0.25
14,0.0,0.175
15,0.0,0.3
16,0.0,0.3
17,0.0,0.25
18,0.0,0.175
19,0.0,0.225
20,0.0,0.325
21,0.0,0.1
22,0.0,0.25
23,0.0,0.15
24,0.0,0.225
25,0.0,0.225
26,0.0,0.075
27,0.0,0.125
28,0.0,0.3
29,0.0,0.175
30,0.0,0.225
31,0.0,0.325
32,0.0,0.2
33,0.0,0.175
34,0.0,0.125
35,0.0,0.275
36,0.0,0.2
37,0.0,0.275
38,0.0,0.2
39,0.0,0.225
40,0.0,0.075
41,0.0,0.175
42,0.0,0.2
43,0.0,0.2
44,0.0,0.175
45,0.0,0.225
46,0.0,0.25
47,0.0,0.275
48,0.0,0.275
49,0.0,0.2
50,0.0,0.35
51,0.0,0.225
52,0.0,0.25
53,0.0,0.1
54,0.0,0.375
55,0.0,0.15
56,0.0,0.3
57,0.0,0.275
58,0.0,0.15
59,0.0,0.2
60,0.0,0.25
61,0.0,0.25
62,0.0,0.275
63,0.0,0.2
64,0.0,0.2
65,0.0,0.45
66,0.0,0.35
67,0.0,0.25
68,0.0,0.2
69,0.0,0.2
70,0.0,0.3
71,0.0,0.4
72,0.0,0.35
73,0.0,0.225
74,0.0,0.175
75,0.0,0.35
76,0.0,0.175
77,0.0,0.25
78,0.0,0.125
79,0.0,0.25
80,0.0,0.15
81,0.0,0.3
82,0.0,0.25
83,0.0,0.25
84,0.0,0.225
85,0.0,0.325
86,0.0,0.175
87,0.0,0.225
88,0.0,0.15
89,0.0,0.225
90,0.0,0.275
91,0.0,0.35
92,0.0,0.375
93,0.0,0.2
94,0.0,0.35
95,0.0,0.275
96,0.0,0.25
97,0.0,0.25
98,0.0,0.175
99,0.0,0.3
100,0.0,0.175
101,0.0,0.4
102,0.0,0.225
103,0.0,0.175
104,0.0,0.225
105,0.0,0.25
106,0.0,0.275
107,0.0,0.15
108,0.0,0.125
109,0.0,0.25
110,0.0,0.125
111,0.0,0.2
112,0.0,0.325
113,0.0,0.15
114,0.0,0.15
115,0.0,0.35
116,0.0,0.275
117,0.0,0.2
118,0.0,0.25
119,0.0,0.3
120,0.0,0.3
121,0.0,0.275
122,0.0,0.225
123,0.0,0.375
124,0.0,0.35
125,0.0,0.175
126,0.0,0.25
127,0.0,0.225
128,0.0,0.175
129,0.0,0.275
130,0.0,0.375
131,0.0,0.375
132,0.0,0.225
133,0.0,0.2
134,0.0,0.25
135,0.0,0.25
136,0.0,0.325
137,0.0,0.2
138,0.0,0.25
139,0.0,0.25
140,0.0,0.25
141,0.0,0.325
142,0.0,0.175
143,0.0,0.25
144,0.0,0.3
145,0.0,0.375
146,0.0,0.35
147,0.0,0.4
148,0.0,0.2
149,0.0,0.35
150,0.0,0.35
151,0.0,0.275
152,0.0,0.3
153,0.0,0.275
154,0.0,0.2
155,0.0,0.525
156,0.0,0.225
157,0.0,0.35
158,0.0,0.45
159,0.0,0.1
160,0.0,0.125
161,0.0,0.2
162,0.0,0.25
163,0.0,0.175
164,0.0,0.275
165,0.0,0.15
166,0.0,0.2
167,0.0,0.3
168,0.0,0.3
169,0.0,0.275
170,0.0,0.3
171,0.0,0.3
172,0.0,0.225
173,0.0,0.35
174,0.0,0.35
175,0.0,0.25
176,0.0,0.275
177,0.0,0.175
178,0.0,0.275
179,0.0,0.3
180,0.0,0.15
181,0.0,0.175
182,0.0,0.225
183,0.0,0.3
184,0.0,0.075
185,0.0,0.275
186,0.0,0.25
187,0.0,0.25
188,0.0,0.2
189,0.0,0.3
190,0.0,0.225
191,0.0,0.125
192,0.0,0.3
193,0.0,0.225
194,0.0,0.175
195,0.0,0.25
196,0.0,0.3
197,0.0,0.225
198,0.0,0.15
199,0.0,0.325
200,0.0,0.45
201,0.0,0.325
202,0.0,0.275
203,0.0,0.325
204,0.0,0.2
205,0.0,0.25
206,0.0,0.2
207,0.0,0.2
208,0.0,0.2
209,0.0,0.225
210,0.0,0.125
211,0.0,0.275
212,0.0,0.3
213,0.0,0.2
214,0.0,0.225
215,0.0,0.15
216,0.0,0.225
217,0.0,0.225
218,0.0,0.1
219,0.0,0.15
220,0.0,0.35
221,0.0,0.25
222,0.0,0.25
223,0.0,0.1
224,0.0,0.2
225,0.0,0.225
226,0.0,0.225
227,0.0,0.275
228,0.0,0.15
229,0.0,0.225
230,0.0,0.2
231,0.0,0.25
232,0.0,0.25
233,0.0,0.25
234,0.0,0.25
235,0.0,0.225
236,0.0,0.225
237,0.0,0.275
238,0.0,0.1
239,0.0,0.275
240,0.0,0.225
241,0.0,0.125
242,0.0,0.15
243,0.0,0.275
244,0.0,0.325
245,0.0,0.2
246,0.0,0.225
247,0.0,0.125
248,0.0,0.25
249,0.0,0.2
250,0.0,0.225
251,0.0,0.225
252,0.0,0.25
253,0.0,0.35
254,0.0,0.1
255,0.0,0.25
256,0.0,0.225
257,0.0,0.15
258,0.0,0.2
259,0.0,0.175
260,0.0,0.175
261,0.0,0.275
262,0.0,0.175
263,0.0,0.2
264,0.0,0.3
265,0.0,0.2
266,0.0,0.25
267,0.0,0.2
268,0.0,0.35
269,0.0,0.225
270,0.0,0.175
271,0.0,0.225
272,0.0,0.425
273,0.0,0.175
274,0.0,0.15
275,0.0,0.35
276,0.0,0.3
277,0.0,0.225
278,0.0,0.225
279,0.0,0.125
280,0.0,0.25
281,0.0,0.35
282,0.0,0.325
283,0.0,0.275
284,0.0,0.25
285,0.0,0.275
286,0.0,0.175
287,0.0,0.3
288,0.0,0.3
289,0.0,0.325
290,0.0,0.175
291,0.0,0.15
292,0.0,0.1
293,0.0,0.35
294,0.0,0.175
295,0.0,0.225
296,0.0,0.2
297,0.0,0.275
298,0.0,0.175
299,0.0,0.225
300,0.0,0.25
0,0,0
1,0.0,0.225
2,0.0,0.175
3,0.0,0.275
4,0.0,0.125
5,0.0,0.225
6,0.0,0.275
7,0.0,0.275
8,0.0,0.225
9,0.0,0.2
10,0.0,0.2
11,0.0,0.225
12,0.0,0.2
13,0.0,0.275
14,0.0,0.275
15,0.0,0.3
16,0.0,0.25
17,0.0,0.375
18,0.0,0.275
19,0.0,0.325
20,0.0,0.175
21,0.0,0.25
22,0.0,0.225
23,0.0,0.25
24,0.0,0.225
25,0.0,0.225
26,0.0,0.175
27,0.0,0.175
28,0.0,0.225
29,0.0,0.275
30,0.0,0.275
31,0.0,0.225
32,0.0,0.225
33,0.0,0.175
34,0.0,0.35
35,0.0,0.375
36,0.0,0.325
37,0.0,0.275
38,0.0,0.325
39,0.0,0.325
40,0.0,0.225
41,0.0,0.25
42,0.0,0.3
43,0.0,0.4
44,0.0,0.2
45,0.0,0.25
46,0.0,0.1
47,0.0,0.275
48,0.0,0.175
49,0.0,0.3
50,0.0,0.25
51,0.0,0.15
52,0.0,0.275
53,0.0,0.275
54,0.0,0.2
55,0.0,0.225
56,0.0,0.425
57,0.0,0.25
58,0.0,0.15
59,0.0,0.275
60,0.0,0.3
61,0.0,0.25
62,0.0,0.25
63,0.0,0.25
64,0.0,0.25
65,0.0,0.2
66,0.0,0.175
67,0.0,0.2
68,0.0,0.275
69,0.0,0.275
70,0.0,0.275
71,0.0,0.175
72,0.0,0.325
73,0.0,0.3
74,0.0,0.325
75,0.0,0.325
76,0.0,0.1
77,0.0,0.275
78,0.0,0.325
79,0.0,0.275
80,0.0,0.325
81,0.0,0.35
82,0.0,0.15
83,0.0,0.275
84,0.0,0.325
85,0.0,0.25
86,0.0,0.225
87,0.0,0.3
88,0.0,0.1
89,0.0,0.225
90,0.0,0.225
91,0.0,0.275
92,0.0,0.225
93,0.0,0.275
94,0.0,0.3
95,0.0,0.275
96,0.0,0.125
97,0.0,0.325
98,0.0,0.175
99,0.0,0.35
100,0.0,0.275
101,0.0,0.225
102,0.0,0.225
103,0.0,0.25
104,0.0,0.375
105,0.0,0.125
106,0.0,0.225
107,0.0,0.275
108,0.0,0.225
109,0.0,0.25
110,0.0,0.25
111,0.0,0.2
112,0.0,0.2
113,0.0,0.275
114,0.0,0.225
115,0.0,0.2
116,0.0,0.2
117,0.0,0.225
118,0.0,0.225
119,0.0,0.275
120,0.0,0.225
121,0.0,0.325
122,0.0,0.35
123,0.0,0.175
124,0.0,0.275
125,0.0,0.325
126,0.0,0.225
127,0.0,0.3
128,0.0,0.2
129,0.0,0.275
130,0.0,0.25
131,0.0,0.15
132,0.0,0.2
133,0.0,0.2
134,0.0,0.3
135,0.0,0.225
136,0.0,0.25
137,0.0,0.225
138,0.0,0.15
139,0.0,0.175
140,0.0,0.225
141,0.0,0.275
142,0.0,0.225
143,0.0,0.35
144,0.0,0.175
145,0.0,0.225
146,0.0,0.375
147,0.0,0.25
148,0.0,0.225
149,0.0,0.175
150,0.0,0.2
151,0.0,0.25
152,0.0,0.175
153,0.0,0.175
154,0.0,0.225
155,0.0,0.175
156,0.0,0.25
157,0.0,0.2
158,0.0,0.125
159,0.0,0.175
160,0.0,0.225
161,0.0,0.225
162,0.0,0.475
163,0.0,0.275
164,0.0,0.275
165,0.0,0.25
166,0.0,0.275
167,0.0,0.3
168,0.0,0.25
169,0.0,0.175
170,0.0,0.25
171,0.0,0.325
172,0.0,0.225
173,0.0,0.225
174,0.0,0.225
175,0.0,0.325
176,0.0,0.3
177,0.0,0.325
178,0.0,0.25
179,0.0,0.2
180,0.0,0.3
181,0.0,0.325
182,0.0,0.275
183,0.0,0.25
184,0.0,0.225
185,0.0,0.4
186,0.0,0.3
187,0.0,0.325
188,0.0,0.3
189,0.0,0.225
190,0.0,0.275
191,0.0,0.275
192,0.0,0.375
193,0.0,0.125
194,0.0,0.15
195,0.0,0.2
196,0.0,0.2
197,0.0,0.2
198,0.0,0.3
199,0.0,0.3
200,0.0,0.2
201,0.0,0.225
202,0.0,0.25
203,0.0,0.175
204,0.0,0.175
205,0.0,0.2
206,0.0,0.15
207,0.0,0.3
208,0.0,0.375
209,0.0,0.25
210,0.0,0.25
211,0.0,0.175
212,0.0,0.225
213,0.0,0.25
214,0.0,0.3
215,0.0,0.175
216,0.0,0.225
217,0.0,0.275
218,0.0,0.325
219,0.0,0.125
220,0.0,0.15
221,0.0,0.275
222,0.0,0.25
223,0.0,0.35
224,0.0,0.275
225,0.0,0.225
226,0.0,0.3
227,0.0,0.225
228,0.0,0.275
229,0.0,0.25
230,0.0,0.225
231,0.0,0.225
232,0.0,0.325
233,0.0,0.225
234,0.0,0.375
235,0.0,0.2
236,0.0,0.3
237,0.0,0.15
238,0.0,0.15
239,0.0,0.125
240,0.0,0.225
241,0.0,0.3
242,0.0,0.225
243,0.0,0.15
244,0.0,0.25
245,0.0,0.35
246,0.0,0.325
247,0.0,0.225
248,0.0,0.3
249,0.0,0.2
250,0.0,0.25
251,0.0,0.225
252,0.0,0.275
253,0.0,0.2
254,0.0,0.275
255,0.0,0.25
256,0.0,0.3
257,0.0,0.3
258,0.0,0.225
259,0.0,0.225
260,0.0,0.25
261,0.0,0.375
262,0.0,0.3
263,0.0,0.125
264,0.0,0.25
265,0.0,0.375
266,0.0,0.15
267,0.0,0.275
268,0.0,0.125
269,0.0,0.15
270,0.0,0.225
271,0.0,0.25
272,0.0,0.275
273,0.0,0.225
274,0.0,0.225
275,0.0,0.2
276,0.0,0.35
277,0.0,0.475
278,0.0,0.275
279,0.0,0.175
280,0.0,0.325
281,0.0,0.275
282,0.0,0.225
283,0.0,0.275
284,0.0,0.3
285,0.0,0.1
286,0.0,0.15
287,0.0,0.225
288,0.0,0.2
289,0.0,0.325
290,0.0,0.2
291,0.0,0.3
292,0.0,0.35
293,0.0,0.2
294,0.0,0.275
295,0.0,0.325
296,0.0,0.25
297,0.0,0.3
298,0.0,0.25
299,0.0,0.2
300,0.0,0.275
0,0,0
1,0.0,0.25
2,0.0,0.275
3,0.0,0.25
4,0.0,0.275
5,0.0,0.325
6,0.0,0.2
7,0.0,0.275
8,0.0,0.15
9,0.0,0.175
10,0.0,0.3
11,0.0,0.15
12,0.0,0.175
13,0.0,0.2
14,0.0,0.275
15,0.0,0.225
16,0.0,0.375
17,0.0,0.225
18,0.0,0.225
19,0.0,0.25
20,0.0,0.25
21,0.0,0.325
22,0.0,0.225
23,0.0,0.225
24,0.0,0.275
25,0.0,0.25
26,0.0,0.275
27,0.0,0.3
28,0.0,0.325
29,0.0,0.35
30,0.0,0.2
31,0.0,0.2
32,0.0,0.225
33,0.0,0.325
34,0.0,0.225
35,0.0,0.25
36,0.0,0.375
37,0.0,0.2
38,0.0,0.2
39,0.0,0.425
40,0.0,0.225
41,0.0,0.35
42,0.0,0.325
43,0.0,0.175
44,0.0,0.275
45,0.0,0.175
46,0.0,0.2
47,0.0,0.175
48,0.0,0.3
49,0.0,0.2
50,0.0,0.2
51,0.0,0.225
52,0.0,0.35
53,0.0,0.3
54,0.0,0.275
55,0.0,0.2
56,0.0,0.2
57,0.0,0.2
58,0.0,0.2
59,0.0,0.325
60,0.0,0.275
61,0.0,0.1
62,0.0,0.325
63,0.0,0.3
64,0.0,0.425
65,0.0,0.225
66,0.0,0.3
67,0.0,0.225
68,0.0,0.325
69,0.0,0.3
70,0.0,0.175
71,0.0,0.25
72,0.0,0.25
73,0.0,0.15
74,0.0,0.25
75,0.0,0.325
76,0.0,0.275
77,0.0,0.225
78,0.0,0.35
79,0.0,0.175
80,0.0,0.15
81,0.0,0.225
82,0.0,0.225
83,0.0,0.2
84,0.0,0.25
85,0.0,0.275
86,0.0,0.275
87,0.0,0.35
88,0.0,0.2
89,0.0,0.175
90,0.0,0.2
91,0.0,0.15
92,0.0,0.25
93,0.0,0.2
94,0.0,0.175
95,0.0,0.225
96,0.0,0.35
97,0.0,0.225
98,0.0,0.3
99,0.0,0.2
100,0.0,0.1
101,0.0,0.275
102,0.0,0.2
103,0.0,0.275
104,0.0,0.15
105,0.0,0.175
106,0.0,0.125
107,0.0,0.25
108,0.0,0.225
109,0.0,0.25
110,0.0,0.275
111,0.0,0.175
112,0.0,0.325
113,0.0,0.25
114,0.0,0.3
115,0.0,0.2
116,0.0,0.125
117,0.0,0.25
118,0.0,0.25
119,0.0,0.2
120,0.0,0.25
121,0.0,0.175
122,0.0,0.275
123,0.0,0.225
124,0.0,0.275
125,0.0,0.35
126,0.0,0.225
127,0.0,0.375
128,0.0,0.175
129,0.0,0.25
130,0.0,0.225
131,0.0,0.225
132,0.0,0.35
133,0.0,0.25
134,0.0,0.225
135,0.0,0.225
136,0.0,0.2
137,0.0,0.275
138,0.0,0.125
139,0.0,0.175
140,0.0,0.15
141,0.0,0.325
142,0.0,0.25
143,0.0,0.225
144,0.0,0.175
145,0.0,0.3
146,0.0,0.275
147,0.0,0.275
148,0.0,0.275
149,0.0,0.275
150,0.0,0.25
151,0.0,0.25
152,0.0,0.1
153,0.0,0.325
154,0.0,0.225
155,0.0,0.3
156,0.0,0.15
157,0.0,0.225
158,0.0,0.15
159,0.0,0.25
160,0.0,0.2
161,0.0,0.175
162,0.0,0.275
163,0.0,0.3
164,0.0,0.225
165,0.0,0.175
166,0.0,0.3
167,0.0,0.375
168,0.0,0.225
169,0.0,0.225
170,0.0,0.275
171,0.0,0.225
172,0.0,0.225
173,0.0,0.1
174,0.0,0.375
175,0.0,0.225
176,0.0,0.225
177,0.0,0.15
178,0.0,0.3
179,0.0,0.175
180,0.0,0.375
181,0.0,0.25
182,0.0,0.225
183,0.0,0.275
184,0.0,0.3
185,0.0,0.25
186,0.0,0.425
187,0.0,0.25
188,0.0,0.25
189,0.0,0.2
190,0.0,0.25
191,0.0,0.375
192,0.0,0.175
193,0.0,0.175
194,0.0,0.325
195,0.0,0.2
196,0.0,0.25
197,0.0,0.275
198,0.0,0.25
199,0.0,0.3
200,0.0,0.275
201,0.0,0.2
202,0.0,0.25
203,0.0,0.175
204,0.0,0.175
205,0.0,0.2
206,0.0,0.325
207,0.0,0.175
208,0.0,0.25
209,0.0,0.325
210,0.0,0.225
211,0.0,0.15
212,0.0,0.25
213,0.0,0.375
214,0.0,0.3
215,0.0,0.1
216,0.0,0.325
217,0.0,0.35
218,0.0,0.125
219,0.0,0.225
220,0.0,0.225
221,0.0,0.3
222,0.0,0.35
223,0.0,0.25
224,0.0,0.275
225,0.0,0.275
226,0.0,0.2
227,0.0,0.4
228,0.0,0.15
229,0.0,0.375
230,0.0,0.4
231,0.0,0.175
232,0.0,0.25
233,0.0,0.325
234,0.0,0.25
235,0.0,0.2
236,0.0,0.225
237,0.0,0.225
238,0.0,0.2
239,0.0,0.225
240,0.0,0.3
241,0.0,0.275
242,0.0,0.225
243,0.0,0.225
244,0.0,0.225
245,0.0,0.1
246,0.0,0.15
247,0.0,0.225
248,0.0,0.25
249,0.0,0.225
250,0.0,0.2
251,0.0,0.275
252,0.0,0.175
253,0.0,0.45
254,0.0,0.275
255,0.0,0.2
256,0.0,0.25
257,0.0,0.175
258,0.0,0.15
259,0.0,0.35
260,0.0,0.325
261,0.0,0.175
262,0.0,0.25
263,0.0,0.225
264,0.0,0.25
265,0.0,0.2
266,0.0,0.15
267,0.0,0.275
268,0.0,0.3
269,0.0,0.375
270,0.0,0.2
271,0.0,0.25
272,0.0,0.2
273,0.0,0.1
274,0.0,0.3
275,0.0,0.225
276,0.0,0.275
277,0.0,0.375
278,0.0,0.275
279,0.0,0.2
280,0.0,0.275
281,0.0,0.175
282,0.0,0.25
283,0.0,0.25
284,0.0,0.275
285,0.0,0.225
286,0.0,0.2
287,0.0,0.25
288,0.0,0.3
289,0.0,0.15
290,0.0,0.2
291,0.0,0.275
292,0.0,0.275
293,0.0,0.25
294,0.0,0.3
295,0.0,0.375
296,0.0,0.15
297,0.0,0.2
298,0.0,0.175
299,0.0,0.225
300,0.0,0.2
0,0,0
1,0.0,0.15
2,0.0,0.2
3,0.0,0.4
4,0.0,0.225
5,0.0,0.25
6,0.0,0.275
7,0.0,0.25
8,0.0,0.175
9,0.0,0.275
10,0.0,0.325
11,0.0,0.325
12,0.0,0.3
13,0.0,0.45
14,0.0,0.275
15,0.0,0.325
16,0.0,0.175
17,0.0,0.25
18,0.0,0.2
19,0.0,0.225
20,0.0,0.3
21,0.0,0.125
22,0.0,0.275
23,0.0,0.225
24,0.0,0.225
25,0.0,0.325
26,0.0,0.15
27,0.0,0.15
28,0.0,0.275
29,0.0,0.3
30,0.0,0.425
31,0.0,0.3
32,0.0,0.25
33,0.0,0.15
34,0.0,0.2
35,0.0,0.25
36,0.0,0.25
37,0.0,0.275
38,0.0,0.175
39,0.0,0.2
40,0.0,0.225
41,0.0,0.175
42,0.0,0.325
43,0.0,0.275
44,0.0,0.275
45,0.0,0.3
46,0.0,0.225
47,0.0,0.2
48,0.0,0.15
49,0.0,0.25
50,0.0,0.2
51,0.0,0.25
52,0.0,0.425
53,0.0,0.275
54,0.0,0.2
55,0.0,0.275
56,0.0,0.275
57,0.0,0.225
58,0.0,0.25
59,0.0,0.325
60,0.0,0.2
61,0.0,0.3
62,0.0,0.275
63,0.0,0.35
64,0.0,0.375
65,0.0,0.35
66,0.0,0.175
67,0.0,0.25
68,0.0,0.25
69,0.0,0.25
70,0.0,0.275
71,0.0,0.175
72,0.0,0.325
73,0.0,0.375
74,0.0,0.2
75,0.0,0.325
76,0.0,0.175
77,0.0,0.225
78,0.0,0.375
79,0.0,0.175
80,0.0,0.225
81,0.0,0.175
82,0.0,0.25
83,0.0,0.175
84,0.0,0.25
85,0.0,0.325
86,0.0,0.375
87,0.0,0.15
88,0.0,0.3
89,0.0,0.275
90,0.0,0.325
91,0.0,0.3
92,0.0,0.2
93,0.0,0.275
94,0.0,0.3
95,0.0,0.25
96,0.0,0.225
97,0.0,0.275
98,0.0,0.175
99,0.0,0.325
100,0.0,0.25
101,0.0,0.25
102,0.0,0.225
103,0.0,0.15
104,0.0,0.125
105,0.0,0.25
106,0.0,0.275
107,0.0,0.225
108,0.0,0.225
109,0.0,0.325
110,0.0,0.25
111,0.0,0.275
112,0.0,0.375
113,0.0,0.325
114,0.0,0.25
115,0.0,0.2
116,0.0,0.1
117,0.0,0.35
118,0.0,0.325
119,0.0,0.3
120,0.0,0.4
121,0.0,0.175
122,0.0,0.25
123,0.0,0.275
124,0.0,0.275
125,0.0,0.225
126,0.0,0.325
127,0.0,0.275
128,0.0,0.275
129,0.0,0.275
130,0.0,0.325
131,0.0,0.25
132,0.0,0.2
133,0.0,0.25
134,0.0,0.25
135,0.0,0.275
136,0.0,0.1
137,0.0,0.275
138,0.0,0.3
139,0.0,0.325
140,0.0,0.2
141,0.0,0.325
142,0.0,0.15
143,0.0,0.275
144,0.0,0.325
145,0.0,0.35
146,0.0,0.25
147,0.0,0.3
148,0.0,0.325
149,0.0,0.225
150,0.0,0.25
151,0.0,0.375
152,0.0,0.3
153,0.0,0.325
154,0.0,0.375
155,0.0,0.325
156,0.0,0.1
157,0.0,0.3
158,0.0,0.25
159,0.0,0.225
160,0.0,0.275
161,0.0,0.225
162,0.0,0.275
163,0.0,0.225
164,0.0,0.175
165,0.0,0.2
166,0.0,0.225
167,0.0,0.225
168,0.0,0.25
169,0.0,0.225
170,0.0,0.4
171,0.0,0.25
172,0.0,0.3
173,0.0,0.225
174,0.0,0.225
175,0.0,0.325
176,0.0,0.3
177,0.0,0.2
178,0.0,0.4
179,0.0,0.2
180,0.0,0.35
181,0.0,0.15
182,0.0,0.225
183,0.0,0.375
184,0.0,0.3
185,0.0,0.175
186,0.0,0.175
187,0.0,0.325
188,0.0,0.425
189,0.0,0.25
190,0.0,0.2
191,0.0,0.225
192,0.0,0.4
193,0.0,0.125
194,0.0,0.3
195,0.0,0.2
196,0.0,0.35
197,0.0,0.3
198,0.0,0.25
199,0.0,0.25
200,0.0,0.275
201,0.0,0.275
202,0.0,0.275
203,0.0,0.225
204,0.0,0.35
205,0.0,0.225
206,0.0,0.3
207,0.0,0.25
208,0.0,0.25
209,0.0,0.225
210,0.0,0.35
211,0.0,0.325
212,0.0,0.2
213,0.0,0.2
214,0.0,0.35
215,0.0,0.25
216,0.0,0.225
217,0.0,0.225
218,0.0,0.175
219,0.0,0.3
220,0.0,0.2
221,0.0,0.25
222,0.0,0.325
223,0.0,0.35
224,0.0,0.2
225,0.0,0.3
226,0.0,0.175
227,0.0,0.175
228,0.0,0.35
229,0.0,0.25
230,0.0,0.25
231,0.0,0.25
232,0.0,0.3
233,0.0,0.25
234,0.0,0.225
235,0.0,0.175
236,0.0,0.2
237,0.0,0.2
238,0.0,0.175
239,0.0,0.375
240,0.0,0.175
241,0.0,0.25
242,0.0,0.25
243,0.0,0.175
244,0.0,0.225
245,0.0,0.175
246,0.0,0.275
247,0.0,0.35
248,0.0,0.25
249,0.0,0.225
250,0.0,0.325
251,0.0,0.25
252,0.0,0.2
253,0.0,0.15
254,0.0,0.225
255,0.0,0.275
256,0.0,0.15
257,0.0,0.2
258,0.0,0.25
259,0.0,0.375
260,0.0,0.4
261,0.0,0.325
262,0.0,0.3
263,0.0,0.3
264,0.0,0.25
265,0.0,0.225
266,0.0,0.375
267,0.0,0.325
268,0.0,0.2
269,0.0,0.375
270,0.0,0.45
271,0.0,0.275
272,0.0,0.3
273,0.0,0.3
274,0.0,0.15
275,0.0,0.175
276,0.0,0.35
277,0.0,0.225
278,0.0,0.225
279,0.0,0.25
280,0.0,0.25
281,0.0,0.375
282,0.0,0.275
283,0.0,0.275
284,0.0,0.3
285,0.0,0.35
286,0.0,0.275
287,0.0,0.275
288,0.0,0.25
289,0.0,0.275
290,0.0,0.35
291,0.0,0.225
292,0.0,0.275
293,0.0,0.3
294,0.0,0.175
295,0.0,0.35
296,0.0,0.275
297,0.0,0.225
298,0.0,0.2
299,0.0,0.375
300,0.0,0.325
0,0,0
1,0.0,0.2
2,0.0,0.15
3,0.0,0.35
4,0.0,0.25
5,0.0,0.25
6,0.0,0.35
7,0.0,0.225
8,0.0,0.275
9,0.0,0.325
10,0.0,0.375
11,0.0,0.4
12,0.0,0.3
13,0.0,0.375
14,0.0,0.2
15,0.0,0.35
16,0.0,0.4
17,0.0,0.225
18,0.0,0.25
19,0.0,0.275
20,0.0,0.275
21,0.0,0.2
22,0.0,0.275
23,0.0,0.225
24,0.0,0.35
25,0.0,0.35
26,0.0,0.175
27,0.0,0.2
28,0.0,0.1
29,0.0,0.3
30,0.0,0.2
31,0.0,0.25
32,0.0,0.35
33,0.0,0.2
34,0.0,0.35
35,0.0,0.1
36,0.0,0.275
37,0.0,0.25
38,0.0,0.225
39,0.0,0.25
40,0.0,0.3
41,0.0,0.2
42,0.0,0.275
43,0.0,0.2
44,0.0,0.275
45,0.0,0.1
46,0.0,0.325
47,0.0,0.2
48,0.0,0.375
49,0.0,0.25
50,0.0,0.3
51,0.0,0.325
52,0.0,0.25
53,0.0,0.15
54,0.0,0.2
55,0.0,0.3
56,0.0,0.3
57,0.0,0.25
58,0.0,0.25
59,0.0,0.375
60,0.0,0.175
61,0.0,0.15
62,0.0,0.125
63,0.0,0.225
64,0.0,0.15
65,0.0,0.225
66,0.0,0.25
67,0.0,0.275
68,0.0,0.125
69,0.0,0.3
70,0.0,0.25
71,0.0,0.35
72,0.0,0.4
73,0.0,0.3
74,0.0,0.15
75,0.0,0.2
76,0.0,0.225
77,0.0,0.25
78,0.0,0.2
79,0.0,0.2
80,0.0,0.225
81,0.0,0.25
82,0.0,0.225
83,0.0,0.275
84,0.0,0.275
85,0.0,0.275
86,0.0,0.275
87,0.0,0.25
88,0.0,0.175
89,0.0,0.25
90,0.0,0.375
91,0.0,0.2
92,0.0,0.125
93,0.0,0.225
94,0.0,0.25
95,0.0,0.125
96,0.0,0.275
97,0.0,0.15
98,0.0,0.35
99,0.0,0.3
100,0.0,0.225
101,0.0,0.25
102,0.0,0.15
103,0.0,0.2
104,0.0,0.225
105,0.0,0.15
106,0.0,0.1
107,0.0,0.4
108,0.0,0.35
109,0.0,0.25
110,0.0,0.3
111,0.0,0.25
112,0.0,0.2
113,0.0,0.275
114,0.0,0.1
115,0.0,0.225
116,0.0,0.2
117,0.0,0.3
118,0.0,0.325
119,0.0,0.4
120,0.0,0.3
121,0.0,0.125
122,0.0,0.275
123,0.0,0.25
124,0.0,0.2
125,0.0,0.325
126,0.0,0.175
127,0.0,0.325
128,0.0,0.25
129,0.0,0.275
130,0.0,0.25
131,0.0,0.35
132,0.0,0.2
133,0.0,0.225
134,0.0,0.175
135,0.0,0.25
136,0.0,0.275
137,0.0,0.25
138,0.0,0.2
139,0.0,0.15
140,0.0,0.225
141,0.0,0.325
142,0.0,0.2
143,0.0,0.275
144,0.0,0.3
145,0.0,0.225
146,0.0,0.15
147,0.0,0.225
148,0.0,0.225
149,0.0,0.225
150,0.0,0.225
151,0.0,0.25
152,0.0,0.3
153,0.0,0.125
154,0.0,0.25
155,0.0,0.25
156,0.0,0.275
157,0.0,0.3
158,0.0,0.3
159,0.0,0.275
160,0.0,0.225
161,0.0,0.175
162,0.0,0.1
163,0.0,0.1
164,0.0,0.075
165,0.0,0.2
166,0.0,0.2
167,0.0,0.25
168,0.0,0.175
169,0.0,0.275
170,0.0,0.2
171,0.0,0.225
172,0.0,0.275
173,0.0,0.35
174,0.0,0.3
175,0.0,0.225
176,0.0,0.15
177,0.0,0.35
178,0.0,0.4
179,0.0,0.2
180,0.0,0.375
181,0.0,0.325
182,0.0,0.325
183,0.0,0.3
184,0.0,0.2
185,0.0,0.1
186,0.0,0.3
187,0.0,0.225
188,0.0,0.2
189,0.0,0.175
190,0.0,0.175
191,0.0,0.225
192,0.0,0.15
193,0.0,0.325
194,0.0,0.175
195,0.0,0.175
196,0.0,0.325
197,0.0,0.175
198,0.0,0.225
199,0.0,0.35
200,0.0,0.3
201,0.0,0.3
202,0.0,0.15
203,0.0,0.275
204,0.0,0.3
205,0.0,0.3
206,0.0,0.175
207,0.0,0.3
208,0.0,0.225
209,0.0,0.25
210,0.0,0.325
211,0.0,0.225
212,0.0,0.225
213,0.0,0.3
214,0.0,0.225
215,0.0,0.275
216,0.0,0.275
217,0.0,0.125
218,0.0,0.25
219,0.0,0.225
220,0.0,0.225
221,0.0,0.275
222,0.0,0.2
223,0.0,0.225
224,0.0,0.125
225,0.0,0.2
226,0.0,0.275
227,0.0,0.2
228,0.0,0.275
229,0.0,0.2
230,0.0,0.25
231,0.0,0.45
232,0.0,0.25
233,0.0,0.25
234,0.0,0.15
235,0.0,0.225
236,0.0,0.175
237,0.0,0.25
238,0.0,0.3
239,0.0,0.225
240,0.0,0.35
241,0.0,0.15
242,0.0,0.375
243,0.0,0.2
244,0.0,0.25
245,0.0,0.125
246,0.0,0.25
247,0.0,0.25
248,0.0,0.3
249,0.0,0.275
250,0.0,0.3
251,0.0,0.2
252,0.0,0.225
253,0.0,0.25
254,0.0,0.375
255,0.0,0.25
256,0.0,0.225
257,0.0,0.225
258,0.0,0.2
259,0.0,0.25
260,0.0,0.25
261,0.0,0.2
262,0.0,0.325
263,0.0,0.225
264,0.0,0.275
265,0.0,0.175
266,0.0,0.175
267,0.0,0.275
268,0.0,0.225
269,0.0,0.125
270,0.0,0.225
271,0.0,0.225
272,0.0,0.275
273,0.0,0.35
274,0.0,0.2
275,0.0,0.275
276,0.0,0.325
277,0.0,0.3
278,0.0,0.225
279,0.0,0.2
280,0.0,0.2
281,0.0,0.35
282,0.0,0.225
283,0.0,0.2
284,0.0,0.2
285,0.0,0.275
286,0.0,0.275
287,0.0,0.275
288,0.0,0.225
289,0.0,0.225
290,0.0,0.275
291,0.0,0.25
292,0.0,0.225
293,0.0,0.25
294,0.0,0.225
295,0.0,0.3
296,0.0,0.2
297,0.0,0.35
298,0.0,0.3
299,0.0,0.175
300,0.0,0.175
0,0,0
1,0.0,0.25
2,0.0,0.25
3,0.0,0.15
4,0.0,0.375
5,0.0,0.275
6,0.0,0.25
7,0.0,0.25
8,0.0,0.275
9,0.0,0.175
10,0.0,0.175
11,0.0,0.325
12,0.0,0.225
13,0.0,0.375
14,0.0,0.2
15,0.0,0.25
16,0.0,0.3
17,0.0,0.25
18,0.0,0.3
19,0.0,0.325
20,0.0,0.25
21,0.0,0.275
22,0.0,0.275
23,0.0,0.325
24,0.0,0.225
25,0.0,0.225
26,0.0,0.4
27,0.0,0.225
28,0.0,0.275
29,0.0,0.375
30,0.0,0.25
31,0.0,0.175
32,0.0,0.35
33,0.0,0.3
34,0.0,0.2
35,0.0,0.375
36,0.0,0.1
37,0.0,0.175
38,0.0,0.325
39,0.0,0.275
40,0.0,0.275
41,0.0,0.25
42,0.0,0.2
43,0.0,0.2
44,0.0,0.4
45,0.0,0.225
46,0.0,0.175
47,0.0,0.275
48,0.0,0.3
49,0.0,0.35
50,0.0,0.125
51,0.0,0.275
52,0.0,0.15
53,0.0,0.25
54,0.0,0.2
55,0.0,0.275
56,0.0,0.3
57,0.0,0.3
58,0.0,0.275
59,0.0,0.3
60,0.0,0.275
61,0.0,0.325
62,0.0,0.225
63,0.0,0.25
64,0.0,0.25
65,0.0,0.25
66,0.0,0.175
67,0.0,0.125
68,0.0,0.225
69,0.0,0.275
70,0.0,0.275
71,0.0,0.275
72,0.0,0.225
73,0.0,0.125
74,0.0,0.225
75,0.0,0.225
76,0.0,0.325
77,0.0,0.125
78,0.0,0.2
79,0.0,0.225
80,0.0,0.225
81,0.0,0.3
82,0.0,0.25
83,0.0,0.2
84,0.0,0.3
85,0.0,0.2
86,0.0,0.2
87,0.0,0.2
88,0.0,0.25
89,0.0,0.2
90,0.0,0.225
91,0.0,0.1
92,0.0,0.2
93,0.0,0.325
94,0.0,0.175
95,0.0,0.225
96,0.0,0.15
97,0.0,0.275
98,0.0,0.275
99,0.0,0.225
100,0.0,0.15
101,0.0,0.275
102,0.0,0.325
103,0.0,0.275
104,0.0,0.25
105,0.0,0.225
106,0.0,0.175
107,0.0,0.2
108,0.0,0.175
109,0.0,0.1
110,0.0,0.35
111,0.0,0.175
112,0.0,0.3
113,0.0,0.125
114,0.0,0.2
115,0.0,0.075
116,0.0,0.2
117,0.0,0.2
118,0.0,0.3
119,0.0,0.275
120,0.0,0.25
121,0.0,0.2
122,0.0,0.325
123,0.0,0.5
124,0.0,0.4
125,0.0,0.275
126,0.0,0.2
127,0.0,0.225
128,0.0,0.225
129,0.0,0.3
130,0.0,0.275
131,0.0,0.4
132,0.0,0.3
133,0.0,0.175
134,0.0,0.2
135,0.0,0.175
136,0.0,0.3
137,0.0,0.25
138,0.0,0.225
139,0.0,0.15
140,0.0,0.225
141,0.0,0.2
142,0.0,0.175
143,0.0,0.25
144,0.0,0.175
145,0.0,0.25
146,0.0,0.225
147,0.0,0.35
148,0.0,0.225
149,0.0,0.2
150,0.0,0.275
151,0.0,0.25
152,0.0,0.25
153,0.0,0.075
154,0.0,0.2
155,0.0,0.525
156,0.0,0.175
157,0.0,0.15
158,0.0,0.275
159,0.0,0.225
160,0.0,0.275
161,0.0,0.225
162,0.0,0.275
163,0.0,0.25
164,0.0,0.275
165,0.0,0.25
166,0.0,0.225
167,0.0,0.35
168,0.0,0.425
169,0.0,0.225
170,0.0,0.175
171,0.0,0.25
172,0.0,0.25
173,0.0,0.25
174,0.0,0.2
175,0.0,0.3
176,0.0,0.15
177,0.0,0.275
178,0.0,0.175
179,0.0,0.3
180,0.0,0.175
181,0.0,0.2
182,0.0,0.2
183,0.0,0.25
184,0.0,0.35
185,0.0,0.175
186,0.0,0.1
187,0.0,0.15
188,0.0,0.225
189,0.0,0.2
190,0.0,0.225
191,0.0,0.275
192,0.0,0.2
193,0.0,0.225
194,0.0,0.2
195,0.0,0.225
196,0.0,0.275
197,0.0,0.3
198,0.0,0.225
199,0.0,0.275
200,0.0,0.25
201,0.0,0.25
202,0.0,0.2
203,0.0,0.15
204,0.0,0.275
205,0.0,0.225
206,0.0,0.15
207,0.0,0.25
208,0.0,0.275
209,0.0,0.325
210,0.0,0.225
211,0.0,0.225
212,0.0,0.175
213,0.0,0.2
214,0.0,0.25
215,0.0,0.1
216,0.0,0.4
217,0.0,0.225
218,0.0,0.225
219,0.0,0.225
220,0.0,0.25
221,0.0,0.225
222,0.0,0.15
223,0.0,0.175
224,0.0,0.25
225,0.0,0.2
226,0.0,0.325
227,0.0,0.2
228,0.0,0.275
229,0.0,0.225
230,0.0,0.35
231,0.0,0.35
232,0.0,0.25
233,0.0,0.175
234,0.0,0.275
235,0.0,0.275
236,0.0,0.175
237,0.0,0.325
238,0.0,0.2
239,0.0,0.25
240,0.0,0.175
241,0.0,0.3
242,0.0,0.2
243,0.0,0.25
244,0.0,0.275
245,0.0,0.225
246,0.0,0.325
247,0.0,0.35
248,0.0,0.3
249,0.0,0.25
250,0.0,0.325
251,0.0,0.325
252,0.0,0.3
253,0.0,0.275
254,0.0,0.275
255,0.0,0.175
256,0.0,0.3
257,0.0,0.225
258,0.0,0.3
259,0.0,0.225
260,0.0,0.15
261,0.0,0.35
262,0.0,0.25
263,0.0,0.35
264,0.0,0.2
265,0.0,0.25
266,0.0,0.175
267,0.0,0.2
268,0.0,0.5
269,0.0,0.25
270,0.0,0.35
271,0.0,0.175
272,0.0,0.2
273,0.0,0.4
274,0.0,0.225
275,0.0,0.375
276,0.0,0.2
277,0.0,0.25
278,0.0,0.3
279,0.0,0.1
280,0.0,0.3
281,0.0,0.2
282,0.0,0.225
283,0.0,0.15
284,0.0,0.275
285,0.0,0.375
286,0.0,0.2
287,0.0,0.275
288,0.0,0.15
289,0.0,0.3
290,0.0,0.35
291,0.0,0.25
292,0.0,0.3
293,0.0,0.425
294,0.0,0.275
295,0.0,0.175
296,0.0,0.225
297,0.0,0.275
298,0.0,0.2
299,0.0,0.25
300,0.0,0.275
0,0,0
1,0.0,0.325
2,0.0,0.325
3,0.0,0.25
4,0.0,0.325
5,0.0,0.3
6,0.0,0.2
7,0.0,0.3
8,0.0,0.225
9,0.0,0.25
10,0.0,0.325
11,0.0,0.15
12,0.0,0.25
13,0.0,0.225
14,0.0,0.25
15,0.0,0.2
16,0.0,0.3
17,0.0,0.275
18,0.0,0.25
19,0.0,0.1
20,0.0,0.2
21,0.0,0.125
22,0.0,0.25
23,0.0,0.225
24,0.0,0.3
25,0.0,0.25
26,0.0,0.35
27,0.0,0.3
28,0.0,0.175
29,0.0,0.275
30,0.0,0.275
31,0.0,0.15
32,0.0,0.2
33,0.0,0.175
34,0.0,0.35
35,0.0,0.15
36,0.0,0.225
37,0.0,0.35
38,0.0,0.175
39,0.0,0.25
40,0.0,0.175
41,0.0,0.2
42,0.0,0.425
43,0.0,0.225
44,0.0,0.25
45,0.0,0.175
46,0.0,0.275
47,0.0,0.225
48,0.0,0.3
49,0.0,0.275
50,0.0,0.375
51,0.0,0.175
52,0.0,0.225
53,0.0,0.275
54,0.0,0.3
55,0.0,0.15
56,0.0,0.325
57,0.0,0.275
58,0.0,0.25
59,0.0,0.25
60,0.0,0.25
61,0.0,0.4
62,0.0,0.275
63,0.0,0.325
64,0.0,0.25
65,0.0,0.325
66,0.0,0.275
67,0.0,0.15
68,0.0,0.375
69,0.0,0.125
70,0.0,0.275
71,0.0,0.275
72,0.0,0.175
73,0.0,0.175
74,0.0,0.35
75,0.0,0.35
76,0.0,0.225
77,0.0,0.275
78,0.0,0.3
79,0.0,0.225
80,0.0,0.2
81,0.0,0.225
82,0.0,0.275
83,0.0,0.225
84,0.0,0.225
85,0.0,0.175
86,0.0,0.35
87,0.0,0.175
88,0.0,0.1
89,0.0,0.275
90,0.0,0.3
91,0.0,0.325
92,0.0,0.25
93,0.0,0.225
94,0.0,0.3
95,0.0,0.25
96,0.0,0.2
97,0.0,0.4
98,0.0,0.35
99,0.0,0.225
100,0.0,0.15
101,0.0,0.275
102,0.0,0.15
103,0.0,0.25
104,0.0,0.4
105,0.0,0.225
106,0.0,0.225
107,0.0,0.25
108,0.0,0.175
109,0.0,0.375
110,0.0,0.325
111,0.0,0.2
112,0.0,0.325
113,0.0,0.275
114,0.0,0.3
115,0.0,0.25
116,0.0,0.3
117,0.0,0.175
118,0.0,0.225
119,0.0,0.35
120,0.0,0.325
121,0.0,0.225
122,0.0,0.225
123,0.0,0.175
124,0.0,0.275
125,0.0,0.225
126,0.0,0.25
127,0.0,0.25
128,0.0,0.325
129,0.0,0.3
130,0.0,0.325
131,0.0,0.225
132,0.0,0.3
133,0.0,0.2
134,0.0,0.275
135,0.0,0.225
136,0.0,0.175
137,0.0,0.275
138,0.0,0.3
139,0.0,0.25
140,0.0,0.2
141,0.0,0.25
142,0.0,0.225
143,0.0,0.175
144,0.0,0.3
145,0.0,0.275
146,0.0,0.35
147,0.0,0.35
148,0.0,0.45
149,0.0,0.225
150,0.0,0.2
151,0.0,0.275
152,0.0,0.175
153,0.0,0.2
154,0.0,0.25
155,0.0,0.4
156,0.0,0.225
157,0.0,0.225
158,0.0,0.25
159,0.0,0.325
160,0.0,0.275
161,0.0,0.3
162,0.0,0.225
163,0.0,0.225
164,0.0,0.325
165,0.0,0.325
166,0.0,0.25
167,0.0,0.3
168,0.0,0.325
169,0.0,0.175
170,0.0,0.325
171,0.0,0.325
172,0.0,0.175
173,0.0,0.35
174,0.0,0.25
175,0.0,0.325
176,0.0,0.25
177,0.0,0.275
178,0.0,0.25
179,0.0,0.35
180,0.0,0.15
181,0.0,0.35
182,0.0,0.25
183,0.0,0.325
184,0.0,0.275
185,0.0,0.175
186,0.0,0.325
187,0.0,0.225
188,0.0,0.2
189,0.0,0.225
190,0.0,0.275
191,0.0,0.3
192,0.0,0.25
193,0.0,0.3
194,0.0,0.2
195,0.0,0.175
196,0.0,0.2
197,0.0,0.35
198,0.0,0.25
199,0.0,0.3
200,0.0,0.35
201,0.0,0.35
202,0.0,0.3
203,0.0,0.25
204,0.0,0.225
205,0.0,0.3
206,0.0,0.3
207,0.0,0.25
208,0.0,0.225
209,0.0,0.225
210,0.0,0.225
211,0.0,0.35
212,0.0,0.325
213,0.0,0.1
214,0.0,0.225
215,0.0,0.35
216,0.0,0.225
217,0.0,0.15
218,0.0,0.25
219,0.0,0.225
220,0.0,0.225
221,0.0,0.275
222,0.0,0.25
223,0.0,0.275
224,0.0,0.15
225,0.0,0.2
226,0.0,0.325
227,0.0,0.275
228,0.0,0.225
229,0.0,0.175
230,0.0,0.15
231,0.0,0.35
232,0.0,0.25
233,0.0,0.2
234,0.0,0.15
235,0.0,0.225
236,0.0,0.275
237,0.0,0.275
238,0.0,0.275
239,0.0,0.3
240,0.0,0.275
241,0.0,0.325
242,0.0,0.35
243,0.0,0.2
244,0.0,0.225
245,0.0,0.4
246,0.0,0.2
247,0.0,0.175
248,0.0,0.375
249,0.0,0.3
250,0.0,0.275
251,0.0,0.175
252,0.0,0.25
253,0.0,0.1
254,0.0,0.35
255,0.0,0.225
256,0.0,0.225
257,0.0,0.225
258,0.0,0.2
259,0.0,0.225
260,0.0,0.275
261,0.0,0.35
262,0.0,0.225
263,0.0,0.375
264,0.0,0.325
265,0.0,0.2
266,0.0,0.25
267,0.0,0.325
268,0.0,0.15
269,0.0,0.225
270,0.0,0.25
271,0.0,0.275
272,0.0,0.15
273,0.0,0.175
274,0.0,0.475
275,0.0,0.275
276,0.0,0.325
277,0.0,0.25
278,0.0,0.275
279,0.0,0.3
280,0.0,0.3
281,0.0,0.3
282,0.0,0.325
283,0.0,0.3
284,0.0,0.3
285,0.0,0.3
286,0.0,0.325
287,0.0,0.275
288,0.0,0.2
289,0.0,0.25
290,0.0,0.15
291,0.0,0.35
292,0.0,0.2
293,0.0,0.225
294,0.0,0.175
295,0.0,0.125
296,0.0,0.25
297,0.0,0.225
298,0.0,0.275
299,0.0,0.225
300,0.0,0.3
0,0,0
1,0.0,0.275
2,0.0,0.15
3,0.0,0.3
4,0.0,0.2
5,0.0,0.2
6,0.0,0.225
7,0.0,0.25
8,0.0,0.175
9,0.0,0.175
10,0.0,0.325
11,0.0,0.225
12,0.0,0.225
13,0.0,0.4
14,0.0,0.175
15,0.0,0.1
16,0.0,0.175
17,0.0,0.175
18,0.0,0.125
19,0.0,0.275
20,0.0,0.225
21,0.0,0.4
22,0.0,0.3
23,0.0,0.225
24,0.0,0.125
25,0.0,0.35
26,0.0,0.175
27,0.0,0.15
28,0.0,0.325
29,0.0,0.225
30,0.0,0.25
31,0.0,0.2
32,0.0,0.25
33,0.0,0.175
34,0.0,0.25
35,0.0,0.275
36,0.0,0.15
37,0.0,0.175
38,0.0,0.25
39,0.0,0.225
40,0.0,0.3
41,0.0,0.325
42,0.0,0.175
43,0.0,0.325
44,0.0,0.2
45,0.0,0.425
46,0.0,0.25
47,0.0,0.125
48,0.0,0.225
49,0.0,0.125
50,0.0,0.325
51,0.0,0.25
52,0.0,0.125
53,0.0,0.275
54,0.0,0.3
55,0.0,0.175
56,0.0,0.25
57,0.0,0.175
58,0.0,0.275
59,0.0,0.325
60,0.0,0.175
61,0.0,0.15
62,0.0,0.3
63,0.0,0.3
64,0.0,0.3
65,0.0,0.2
66,0.0,0.175
67,0.0,0.125
68,0.0,0.275
69,0.0,0.25
70,0.0,0.225
71,0.0,0.2
72,0.0,0.225
73,0.0,0.25
74,0.0,0.15
75,0.0,0.275
76,0.0,0.3
77,0.0,0.225
78,0.0,0.2
79,0.0,0.35
80,0.0,0.275
81,0.0,0.275
82,0.0,0.275
83,0.0,0.35
84,0.0,0.25
85,0.0,0.225
86,0.0,0.225
87,0.0,0.3
88,0.0,0.3
89,0.0,0.225
90,0.0,0.275
91,0.0,0.275
92,0.0,0.3
93,0.0,0.175
94,0.0,0.15
95,0.0,0.35
96,0.0,0.275
97,0.0,0.125
98,0.0,0.175
99,0.0,0.3
100,0.0,0.15
101,0.0,0.275
102,0.0,0.175
103,0.0,0.35
104,0.0,0.2
105,0.0,0.275
106,0.0,0.15
107,0.0,0.125
108,0.0,0.35
109,0.0,0.35
110,0.0,0.325
111,0.0,0.375
112,0.0,0.225
113,0.0,0.2
114,0.0,0.25
115,0.0,0.3
116,0.0,0.3
117,0.0,0.2
118,0.0,0.2
119,0.0,0.275
120,0.0,0.375
121,0.0,0.275
122,0.0,0.3
123,0.0,0.2
124,0.0,0.3
125,0.0,0.25
126,0.0,0.2
127,0.0,0.3
128,0.0,0.125
129,0.0,0.15
130,0.0,0.25
131,0.0,0.275
132,0.0,0.325
133,0.0,0.25
134,0.0,0.225
135,0.0,0.375
136,0.0,0.2
137,0.0,0.3
138,0.0,0.4
139,0.0,0.225
140,0.0,0.225
141,0.0,0.175
142,0.0,0.3
143,0.0,0.375
144,0.0,0.2
145,0.0,0.225
146,0.0,0.225
147,0.0,0.15
148,0.0,0.375
149,0.0,0.4
150,0.0,0.175
151,0.0,0.325
152,0.0,0.2
153,0.0,0.25
154,0.0,0.2
155,0.0,0.2
156,0.0,0.275
157,0.0,0.4
158,0.0,0.075
159,0.0,0.275
160,0.0,0.175
161,0.0,0.275
162,0.0,0.25
163,0.0,0.3
164,0.0,0.2
165,0.0,0.25
166,0.0,0.3
167,0.0,0.2
168,0.0,0.325
169,0.0,0.25
170,0.0,0.275
171,0.0,0.375
172,0.0,0.35
173,0.0,0.325
174,0.0,0.275
175,0.0,0.225
176,0.0,0.1
177,0.0,0.275
178,0.0,0.125
179,0.0,0.4
180,0.0,0.275
181,0.0,0.225
182,0.0,0.175
183,0.0,0.3
184,0.0,0.25
185,0.0,0.2
186,0.0,0.25
187,0.0,0.225
188,0.0,0.175
189,0.0,0.3
190,0.0,0.15
191,0.0,0.2
192,0.0,0.35
193,0.0,0.2
194,0.0,0.3
195,0.0,0.3
196,0.0,0.3
197,0.0,0.3
198,0.0,0.325
199,0.0,0.375
200,0.0,0.375
201,0.0,0.225
202,0.0,0.325
203,0.0,0.35
204,0.0,0.325
205,0.0,0.275
206,0.0,0.425
207,0.0,0.225
208,0.0,0.25
209,0.0,0.175
210,0.0,0.275
211,0.0,0.375
212,0.0,0.2
213,0.0,0.15
214,0.0,0.2
215,0.0,0.275
216,0.0,0.275
217,0.0,0.275
218,0.0,0.25
219,0.0,0.25
220,0.0,0.275
221,0.0,0.25
222,0.0,0.3
223,0.0,0.325
224,0.0,0.175
225,0.0,0.2
226,0.0,0.275
227,0.0,0.25
228,0.0,0.325
229,0.0,0.175
230,0.0,0.225
231,0.0,0.35
232,0.0,0.3
233,0.0,0.325
234,0.0,0.275
235,0.0,0.275
236,0.0,0.175
237,0.0,0.375
238,0.0,0.15
239,0.0,0.15
240,0.0,0.25
241,0.0,0.175
242,0.0,0.225
243,0.0,0.175
244,0.0,0.25
245,0.0,0.325
246,0.0,0.325
247,0.0,0.25
248,0.0,0.4
249,0.0,0.15
250,0.0,0.275
251,0.0,0.2
252,0.0,0.15
253,0.0,0.25
254,0.0,0.25
255,0.0,0.25
256,0.0,0.225
257,0.0,0.35
258,0.0,0.225
259,0.0,0.275
260,0.0,0.3
261,0.0,0.25
262,0.0,0.225
263,0.0,0.1
264,0.0,0.15
265,0.0,0.375
266,0.0,0.25
267,0.0,0.375
268,0.0,0.275
269,0.0,0.325
270,0.0,0.225
271,0.0,0.2
272,0.0,0.25
273,0.0,0.35
274,0.0,0.1
275,0.0,0.25
276,0.0,0.225
277,0.0,0.4
278,0.0,0.275
279,0.0,0.2
280,0.0,0.275
281,0.0,0.3
282,0.0,0.275
283,0.0,0.275
284,0.0,0.175
285,0.0,0.2
286,0.0,0.15
287,0.0,0.325
288,0.0,0.2
289,0.0,0.15
290,0.0,0.375
291,0.0,0.175
292,0.0,0.2
293,0.0,0.25
294,0.0,0.175
295,0.0,0.3
296,0.0,0.225
297,0.0,0.175
298,0.0,0.25
299,0.0,0.275
300,0.0,0.175
0,0,0
1,0.0,0.36666666666666664
2,0.0,0.26666666666666666
3,0.0,0.16666666666666666
4,0.0,0.1
5,0.0,0.3333333333333333
6,0.0,0.23333333333333334
7,0.0,0.3
8,0.0,0.23333333333333334
9,0.0,0.3
10,0.0,0.26666666666666666
11,0.0,0.26666666666666666
12,0.0,0.3
13,0.0,0.16666666666666666
14,0.0,0.13333333333333333
15,0.0,0.26666666666666666
16,0.0,0.2
17,0.0,0.3
18,0.0,0.3
19,0.0,0.2
20,0.0,0.1
21,0.0,0.23333333333333334
22,0.0,0.23333333333333334
23,0.0,0.3
24,0.0,0.4
25,0.0,0.3333333333333333
26,0.0,0.13333333333333333
27,0.0,0.2
28,0.0,0.23333333333333334
29,0.0,0.16666666666666666
30,0.0,0.06666666666666667
31,0.0,0.4
32,0.0,0.3
33,0.0,0.23333333333333334
34,0.0,0.16666666666666666
35,0.0,0.26666666666666666
36,0.0,0.3333333333333333
37,0.0,0.3
38,0.0,0.26666666666666666
39,0.0,0.26666666666666666
40,0.0,0.2
41,0.0,0.23333333333333334
42,0.0,0.16666666666666666
43,0.0,0.3
44,0.0,0.2
45,0.0,0.16666666666666666
46,0.0,0.36666666666666664
47,0.0,0.2
48,0.0,0.13333333333333333
49,0.0,0.16666666666666666
50,0.0,0.26666666666666666
51,0.0,0.3333333333333333
52,0.0,0.36666666666666664
53,0.0,0.13333333333333333
54,0.0,0.3
55,0.0,0.3333333333333333
56,0.0,0.3333333333333333
57,0.0,0.3
58,0.0,0.13333333333333333
59,0.0,0.3
60,0.0,0.3
61,0.0,0.2
62,0.0,0.16666666666666666
63,0.0,0.3
64,0.0,0.3333333333333333
65,0.0,0.23333333333333334
66,0.0,0.5333333333333333
67,0.0,0.2
68,0.0,0.16666666666666666
69,0.0,0.23333333333333334
70,0.0,0.16666666666666666
71,0.0,0.36666666666666664
72,0.0,0.16666666666666666
73,0.0,0.3333333333333333
74,0.0,0.26666666666666666
75,0.0,0.2
76,0.0,0.13333333333333333
77,0.0,0.2
78,0.0,0.2
79,0.0,0.23333333333333334
80,0.0,0.26666666666666666
81,0.0,0.3
82,0.0,0.2
83,0.0,0.43333333333333335
84,0.0,0.3
85,0.0,0.23333333333333334
86,0.0,0.26666666666666666
87,0.0,0.16666666666666666
88,0.0,0.23333333333333334
89,0.0,0.23333333333333334
90,0.0,0.23333333333333334
91,0.0,0.3333333333333333
92,0.0,0.3333333333333333
93,0.0,0.13333333333333333
94,0.0,0.2
95,0.0,0.3
96,0.0,0.2
97,0.0,0.4
98,0.0,0.2
99,0.0,0.3333333333333333
100,0.0,0.16666666666666666
101,0.0,0.16666666666666666
102,0.0,0.3333333333333333
103,0.0,0.4
104,0.0,0.2
105,0.0,0.23333333333333334
106,0.0,0.13333333333333333
107,0.0,0.3
108,0.0,0.23333333333333334
109,0.0,0.16666666666666666
110,0.0,0.23333333333333334
111,0.0,0.2
112,0.0,0.3333333333333333
113,0.0,0.3
114,0.0,0.26666666666666666
115,0.0,0.2
116,0.0,0.3
117,0.0,0.26666666666666666
118,0.0,0.23333333333333334
119,0.0,0.2
120,0.0,0.3
121,0.0,0.3333333333333333
122,0.0,0.2
123,0.0,0.3333333333333333
124,0.0,0.16666666666666666
125,0.0,0.23333333333333334
126,0.0,0.3333333333333333
127,0.0,0.16666666666666666
128,0.0,0.3333333333333333
129,0.0,0.26666666666666666
130,0.0,0.2
131,0.0,0.5
132,0.0,0.16666666666666666
133,0.0,0.3333333333333333
134,0.0,0.36666666666666664
135,0.0,0.4
136,0.0,0.16666666666666666
137,0.0,0.3
138,0.0,0.36666666666666664
139,0.0,0.2
140,0.0,0.13333333333333333
141,0.0,0.23333333333333334
142,0.0,0.1
143,0.0,0.3333333333333333
144,0.0,0.06666666666666667
145,0.0,0.2
146,0.0,0.23333333333333334
147,0.0,0.13333333333333333
148,0.0,0.26666666666666666
149,0.0,0.2
150,0.0,0.26666666666666666
151,0.0,0.3333333333333333
152,0.0,0.2
153,0.0,0.26666666666666666
154,0.0,0.36666666666666664
155,0.0,0.23333333333333334
156,0.0,0.3
157,0.0,0.16666666666666666
158,0.0,0.16666666666666666
159,0.0,0.16666666666666666
160,0.0,0.26666666666666666
161,0.0,0.16666666666666666
162,0.0,0.3333333333333333
163,0.0,0.26666666666666666
164,0.0,0.26666666666666666
165,0.0,0.23333333333333334
166,0.0,0.06666666666666667
167,0.0,0.16666666666666666
168,0.0,0.16666666666666666
169,0.0,0.3333333333333333
170,0.0,0.13333333333333333
171,0.0,0.2
172,0.0,0.13333333333333333
173,0.0,0.26666666666666666
174,0.0,0.2
175,0.0,0.16666666666666666
176,0.0,0.3333333333333333
177,0.0,0.2
178,0.0,0.2
179,0.0,0.23333333333333334
180,0.0,0.13333333333333333
181,0.0,0.43333333333333335
182,0.0,0.2
183,0.0,0.26666666666666666
184,0.0,0.3333333333333333
185,0.0,0.2
186,0.0,0.26666666666666666
187,0.0,0.23333333333333334
188,0.0,0.16666666666666666
189,0.0,0.23333333333333334
190,0.0,0.2
191,0.0,0.4
192,0.0,0.3
193,0.0,0.26666666666666666
194,0.0,0.26666666666666666
195,0.0,0.3333333333333333
196,0.0,0.23333333333333334
197,0.0,0.13333333333333333
198,0.0,0.26666666666666666
199,0.0,0.3333333333333333
200,0.0,0.16666666666666666
201,0.0,0.3333333333333333
202,0.0,0.3
203,0.0,0.16666666666666666
204,0.0,0.23333333333333334
205,0.0,0.16666666666666666
206,0.0,0.26666666666666666
207,0.0,0.23333333333333334
208,0.0,0.5666666666666667
209,0.0,0.2
210,0.0,0.23333333333333334
211,0.0,0.3
212,0.0,0.23333333333333334
213,0.0,0.3
214,0.0,0.26666666666666666
215,0.0,0.36666666666666664
216,0.0,0.26666666666666666
217,0.0,0.13333333333333333
218,0.0,0.2
219,0.0,0.16666666666666666
220,0.0,0.16666666666666666
221,0.0,0.16666666666666666
222,0.0,0.16666666666666666
223,0.0,0.23333333333333334
224,0.0,0.3
225,0.0,0.13333333333333333
226,0.0,0.23333333333333334
227,0.0,0.3
228,0.0,0.3
229,0.0,0.2
230,0.0,0.16666666666666666
231,0.0,0.23333333333333334
232,0.0,0.2
233,0.0,0.3
234,0.0,0.26666666666666666
235,0.0,0.26666666666666666
236,0.0,0.06666666666666667
237,0.0,0.26666666666666666
238,0.0,0.16666666666666666
239,0.0,0.13333333333333333
240,0.0,0.16666666666666666
241,0.0,0.3
242,0.0,0.26666666666666666
243,0.0,0.23333333333333334
244,0.0,0.23333333333333334
245,0.0,0.3333333333333333
246,0.0,0.16666666666666666
247,0.0,0.16666666666666666
248,0.0,0.26666666666666666
249,0.0,0.43333333333333335
250,0.0,0.2
251,0.0,0.16666666666666666
252,0.0,0.3
253,0.0,0.16666666666666666
254,0.0,0.26666666666666666
255,0.0,0.23333333333333334
256,0.0,0.13333333333333333
257,0.0,0.23333333333333334
258,0.0,0.3333333333333333
259,0.0,0.2
260,0.0,0.3333333333333333
261,0.0,0.16666666666666666
262,0.0,0.16666666666666666
263,0.0,0.3
264,0.0,0.23333333333333334
265,0.0,0.2
266,0.0,0.23333333333333334
267,0.0,0.36666666666666664
268,0.0,0.13333333333333333
269,0.0,0.26666666666666666
270,0.0,0.3333333333333333
271,0.0,0.2
272,0.0,0.23333333333333334
273,0.0,0.3
274,0.0,0.26666666666666666
275,0.0,0.3
276,0.0,0.13333333333333333
277,0.0,0.36666666666666664
278,0.0,0.13333333333333333
279,0.0,0.36666666666666664
280,0.0,0.23333333333333334
281,0.0,0.16666666666666666
282,0.0,0.3
283,0.0,0.26666666666666666
284,0.0,0.26666666666666666
285,0.0,0.36666666666666664
286,0.0,0.3
287,0.0,0.06666666666666667
288,0.0,0.23333333333333334
289,0.0,0.3
290,0.0,0.2
291,0.0,0.3333333333333333
292,0.0,0.26666666666666666
293,0.0,0.2
294,0.0,0.23333333333333334
295,0.0,0.36666666666666664
296,0.0,0.36666666666666664
297,0.0,0.3333333333333333
298,0.0,0.16666666666666666
299,0.0,0.3
300,0.0,0.2
0,0,0
1,0.0,0.23333333333333334
2,0.0,0.26666666666666666
3,0.0,0.36666666666666664
4,0.0,0.26666666666666666
5,0.0,0.26666666666666666
6,0.0,0.4666666666666667
7,0.0,0.26666666666666666
8,0.0,0.16666666666666666
9,0.0,0.43333333333333335
10,0.0,0.26666666666666666
11,0.0,0.26666666666666666
12,0.0,0.2
13,0.0,0.16666666666666666
14,0.0,0.06666666666666667
15,0.0,0.2
16,0.0,0.3
17,0.0,0.36666666666666664
18,0.0,0.23333333333333334
19,0.0,0.23333333333333334
20,0.0,0.23333333333333334
21,0.0,0.3333333333333333
22,0.0,0.13333333333333333
23,0.0,0.36666666666666664
24,0.0,0.3333333333333333
25,0.0,0.13333333333333333
26,0.0,0.06666666666666667
27,0.0,0.3
28,0.0,0.2
29,0.0,0.4
30,0.0,0.13333333333333333
31,0.0,0.23333333333333334
32,0.0,0.16666666666666666
33,0.0,0.3333333333333333
34,0.0,0.23333333333333334
35,0.0,0.23333333333333334
36,0.0,0.2
37,0.0,0.23333333333333334
38,0.0,0.26666666666666666
39,0.0,0.26666666666666666
40,0.0,0.26666666666666666
41,0.0,0.23333333333333334
42,0.0,0.26666666666666666
43,0.0,0.3
44,0.0,0.2
45,0.0,0.26666666666666666
46,0.0,0.2
47,0.0,0.4666666666666667
48,0.0,0.3333333333333333
49,0.0,0.23333333333333334
50,0.0,0.5
51,0.0,0.06666666666666667
52,0.0,0.4
53,0.0,0.26666666666666666
54,0.0,0.3333333333333333
55,0.0,0.3
56,0.0,0.16666666666666666
57,0.0,0.16666666666666666
58,0.0,0.23333333333333334
59,0.0,0.13333333333333333
60,0.0,0.2
61,0.0,0.26666666666666666
62,0.0,0.16666666666666666
63,0.0,0.16666666666666666
64,0.0,0.3
65,0.0,0.23333333333333334
66,0.0,0.2
67,0.0,0.16666666666666666
68,0.0,0.3333333333333333
69,0.0,0.23333333333333334
70,0.0,0.3
71,0.0,0.36666666666666664
72,0.0,0.23333333333333334
73,0.0,0.26666666666666666
74,0.0,0.23333333333333334
75,0.0,0.26666666666666666
76,0.0,0.16666666666666666
77,0.0,0.26666666666666666
78,0.0,0.23333333333333334
79,0.0,0.3
80,0.0,0.36666666666666664
81,0.0,0.06666666666666667
82,0.0,0.3333333333333333
83,0.0,0.13333333333333333
84,0.0,0.2
85,0.0,0.13333333333333333
86,0.0,0.16666666666666666
87,0.0,0.16666666666666666
88,0.0,0.13333333333333333
89,0.0,0.2
90,0.0,0.16666666666666666
91,0.0,0.26666666666666666
92,0.0,0.26666666666666666
93,0.0,0.2
94,0.0,0.26666666666666666
95,0.0,0.3
96,0.0,0.1
97,0.0,0.16666666666666666
98,0.0,0.23333333333333334
99,0.0,0.2
100,0.0,0.36666666666666664
101,0.0,0.23333333333333334
102,0.0,0.16666666666666666
103,0.0,0.3333333333333333
104,0.0,0.23333333333333334
105,0.0,0.23333333333333334
106,0.0,0.2
107,0.0,0.2
108,0.0,0.16666666666666666
109,0.0,0.2
110,0.0,0.2
111,0.0,0.13333333333333333
112,0.0,0.3333333333333333
113,0.0,0.3
114,0.0,0.23333333333333334
115,0.0,0.23333333333333334
116,0.0,0.4
117,0.0,0.26666666666666666
118,0.0,0.23333333333333334
119,0.0,0.26666666666666666
120,0.0,0.4
121,0.0,0.23333333333333334
122,0.0,0.23333333333333334
123,0.0,0.26666666666666666
124,0.0,0.16666666666666666
125,0.0,0.16666666666666666
126,0.0,0.23333333333333334
127,0.0,0.16666666666666666
128,0.0,0.26666666666666666
129,0.0,0.2
130,0.0,0.3
131,0.0,0.16666666666666666
132,0.0,0.16666666666666666
133,0.0,0.2
134,0.0,0.2
135,0.0,0.2
136,0.0,0.3333333333333333
137,0.0,0.26666666666666666
138,0.0,0.13333333333333333
139,0.0,0.26666666666666666
140,0.0,0.16666666666666666
141,0.0,0.13333333333333333
142,0.0,0.26666666666666666
143,0.0,0.23333333333333334
144,0.0,0.3333333333333333
145,0.0,0.3
146,0.0,0.23333333333333334
147,0.0,0.16666666666666666
148,0.0,0.3333333333333333
149,0.0,0.26666666666666666
150,0.0,0.3
151,0.0,0.2
152,0.0,0.36666666666666664
153,0.0,0.23333333333333334
154,0.0,0.3
155,0.0,0.26666666666666666
156,0.0,0.16666666666666666
157,0.0,0.26666666666666666
158,0.0,0.23333333333333334
159,0.0,0.3
160,0.0,0.26666666666666666
161,0.0,0.3333333333333333
162,0.0,0.3
163,0.0,0.36666666666666664
164,0.0,0.2
165,0.0,0.26666666666666666
166,0.0,0.3
167,0.0,0.26666666666666666
168,0.0,0.26666666666666666
169,0.0,0.23333333333333334
170,0.0,0.26666666666666666
171,0.0,0.23333333333333334
172,0.0,0.3333333333333333
173,0.0,0.2
174,0.0,0.2
175,0.0,0.26666666666666666
176,0.0,0.16666666666666666
177,0.0,0.23333333333333334
178,0.0,0.3333333333333333
179,0.0,0.16666666666666666
180,0.0,0.16666666666666666
181,0.0,0.2
182,0.0,0.3
183,0.0,0.23333333333333334
184,0.0,0.3
185,0.0,0.1
186,0.0,0.23333333333333334
187,0.0,0.3333333333333333
188,0.0,0.2
189,0.0,0.3333333333333333
190,0.0,0.13333333333333333
191,0.0,0.13333333333333333
192,0.0,0.23333333333333334
193,0.0,0.16666666666666666
194,0.0,0.3
195,0.0,0.26666666666666666
196,0.0,0.3
197,0.0,0.26666666666666666
198,0.0,0.3
199,0.0,0.36666666666666664
200,0.0,0.23333333333333334
201,0.0,0.3
202,0.0,0.3333333333333333
203,0.0,0.23333333333333334
204,0.0,0.3
205,0.0,0.26666666666666666
206,0.0,0.13333333333333333
207,0.0,0.3
208,0.0,0.13333333333333333
209,0.0,0.3333333333333333
210,0.0,0.3
211,0.0,0.23333333333333334
212,0.0,0.1
213,0.0,0.2
214,0.0,0.3
215,0.0,0.2
216,0.0,0.23333333333333334
217,0.0,0.3
218,0.0,0.26666666666666666
219,0.0,0.23333333333333334
220,0.0,0.26666666666666666
221,0.0,0.2
222,0.0,0.26666666666666666
223,0.0,0.2
224,0.0,0.26666666666666666
225,0.0,0.3333333333333333
226,0.0,0.26666666666666666
227,0.0,0.2
228,0.0,0.1
229,0.0,0.2
230,0.0,0.13333333333333333
231,0.0,0.2
232,0.0,0.23333333333333334
233,0.0,0.23333333333333334
234,0.0,0.26666666666666666
235,0.0,0.16666666666666666
236,0.0,0.16666666666666666
237,0.0,0.3333333333333333
238,0.0,0.3
239,0.0,0.13333333333333333
240,0.0,0.3333333333333333
241,0.0,0.23333333333333334
242,0.0,0.16666666666666666
243,0.0,0.23333333333333334
244,0.0,0.23333333333333334
245,0.0,0.3
246,0.0,0.16666666666666666
247,0.0,0.2
248,0.0,0.16666666666666666
249,0.0,0.2
250,0.0,0.16666666666666666
251,0.0,0.16666666666666666
252,0.0,0.3
253,0.0,0.1
254,0.0,0.16666666666666666
255,0.0,0.23333333333333334
256,0.0,0.3333333333333333
257,0.0,0.3
258,0.0,0.26666666666666666
259,0.0,0.26666666666666666
260,0.0,0.3333333333333333
261,0.0,0.36666666666666664
262,0.0,0.16666666666666666
263,0.0,0.3333333333333333
264,0.0,0.36666666666666664
265,0.0,0.2
266,0.0,0.23333333333333334
267,0.0,0.2
268,0.0,0.2
269,0.0,0.26666666666666666
270,0.0,0.2
271,0.0,0.16666666666666666
272,0.0,0.26666666666666666
273,0.0,0.16666666666666666
274,0.0,0.2
275,0.0,0.3333333333333333
276,0.0,0.4
277,0.0,0.2
278,0.0,0.23333333333333334
279,0.0,0.3
280,0.0,0.3
281,0.0,0.3
282,0.0,0.23333333333333334
283,0.0,0.13333333333333333
284,0.0,0.4
285,0.0,0.4
286,0.0,0.23333333333333334
287,0.0,0.3
288,0.0,0.3
289,0.0,0.26666666666666666
290,0.0,0.13333333333333333
291,0.0,0.23333333333333334
292,0.0,0.06666666666666667
293,0.0,0.36666666666666664
294,0.0,0.23333333333333334
295,0.0,0.43333333333333335
296,0.0,0.13333333333333333
297,0.0,0.1
298,0.0,0.3
299,0.0,0.3333333333333333
300,0.0,0.2
0,0,0
1,0.0,0.16666666666666666
2,0.0,0.4
3,0.0,0.3333333333333333
4,0.0,0.16666666666666666
5,0.0,0.16666666666666666
6,0.0,0.3333333333333333
7,0.0,0.13333333333333333
8,0.0,0.36666666666666664
9,0.0,0.1
10,0.0,0.23333333333333334
11,0.0,0.26666666666666666
12,0.0,0.2
13,0.0,0.3
14,0.0,0.16666666666666666
15,0.0,0.23333333333333334
16,0.0,0.13333333333333333
17,0.0,0.4
18,0.0,0.26666666666666666
19,0.0,0.23333333333333334
20,0.0,0.2
21,0.0,0.23333333333333334
22,0.0,0.26666666666666666
23,0.0,0.16666666666666666
24,0.0,0.2
25,0.0,0.3
26,0.0,0.23333333333333334
27,0.0,0.36666666666666664
28,0.0,0.06666666666666667
29,0.0,0.26666666666666666
30,0.0,0.36666666666666664
31,0.0,0.36666666666666664
32,0.0,0.23333333333333334
33,0.0,0.13333333333333333
34,0.0,0.3333333333333333
35,0.0,0.13333333333333333
36,0.0,0.3
37,0.0,0.23333333333333334
38,0.0,0.3333333333333333
39,0.0,0.23333333333333334
40,0.0,0.36666666666666664
41,0.0,0.3
42,0.0,0.3333333333333333
43,0.0,0.4
44,0.0,0.2
45,0.0,0.26666666666666666
46,0.0,0.36666666666666664
47,0.0,0.23333333333333334
48,0.0,0.16666666666666666
49,0.0,0.13333333333333333
50,0.0,0.26666666666666666
51,0.0,0.2
52,0.0,0.3333333333333333
53,0.0,0.3333333333333333
54,0.0,0.13333333333333333
55,0.0,0.23333333333333334
56,0.0,0.13333333333333333
57,0.0,0.23333333333333334
58,0.0,0.16666666666666666
59,0.0,0.4
60,0.0,0.36666666666666664
61,0.0,0.2
62,0.0,0.3333333333333333
63,0.0,0.16666666666666666
64,0.0,0.3333333333333333
65,0.0,0.2
66,0.0,0.3333333333333333
67,0.0,0.13333333333333333
68,0.0,0.23333333333333334
69,0.0,0.2
70,0.0,0.16666666666666666
71,0.0,0.06666666666666667
72,0.0,0.26666666666666666
73,0.0,0.13333333333333333
74,0.0,0.3
75,0.0,0.13333333333333333
76,0.0,0.3
77,0.0,0.36666666666666664
78,0.0,0.2
79,0.0,0.3333333333333333
80,0.0,0.23333333333333334
81,0.0,0.3333333333333333
82,0.0,0.23333333333333334
83,0.0,0.26666666666666666
84,0.0,0.23333333333333334
85,0.0,0.26666666666666666
86,0.0,0.23333333333333334
87,0.0,0.26666666666666666
88,0.0,0.2
89,0.0,0.2
90,0.0,0.16666666666666666
91,0.0,0.3
92,0.0,0.13333333333333333
93,0.0,0.2
94,0.0,0.26666666666666666
95,0.0,0.13333333333333333
96,0.0,0.36666666666666664
97,0.0,0.13333333333333333
98,0.0,0.23333333333333334
99,0.0,0.23333333333333334
100,0.0,0.26666666666666666
101,0.0,0.23333333333333334
102,0.0,0.23333333333333334
103,0.0,0.3333333333333333
104,0.0,0.3333333333333333
105,0.0,0.23333333333333334
106,0.0,0.3
107,0.0,0.26666666666666666
108,0.0,0.3
109,0.0,0.2
110,0.0,0.16666666666666666
111,0.0,0.16666666666666666
112,0.0,0.4
113,0.0,0.26666666666666666
114,0.0,0.3
115,0.0,0.23333333333333334
116,0.0,0.26666666666666666
117,0.0,0.16666666666666666
118,0.0,0.26666666666666666
119,0.0,0.16666666666666666
120,0.0,0.23333333333333334
121,0.0,0.3
122,0.0,0.23333333333333334
123,0.0,0.26666666666666666
124,0.0,0.36666666666666664
125,0.0,0.23333333333333334
126,0.0,0.23333333333333334
127,0.0,0.23333333333333334
128,0.0,0.26666666666666666
129,0.0,0.2
130,0.0,0.23333333333333334
131,0.0,0.23333333333333334
132,0.0,0.23333333333333334
133,0.0,0.16666666666666666
134,0.0,0.3333333333333333
135,0.0,0.3333333333333333
136,0.0,0.26666666666666666
137,0.0,0.16666666666666666
138,0.0,0.13333333333333333
139,0.0,0.1
140,0.0,0.26666666666666666
141,0.0,0.36666666666666664
142,0.0,0.13333333333333333
143,0.0,0.23333333333333334
144,0.0,0.4
145,0.0,0.16666666666666666
146,0.0,0.13333333333333333
147,0.0,0.3
148,0.0,0.4
149,0.0,0.3
150,0.0,0.3
151,0.0,0.13333333333333333
152,0.0,0.3
153,0.0,0.26666666666666666
154,0.0,0.23333333333333334
155,0.0,0.23333333333333334
156,0.0,0.2
157,0.0,0.16666666666666666
158,0.0,0.23333333333333334
159,0.0,0.3
160,0.0,0.3
161,0.0,0.26666666666666666
162,0.0,0.43333333333333335
163,0.0,0.3
164,0.0,0.26666666666666666
165,0.0,0.3333333333333333
166,0.0,0.3
167,0.0,0.23333333333333334
168,0.0,0.26666666666666666
169,0.0,0.2
170,0.0,0.3
171,0.0,0.2
172,0.0,0.26666666666666666
173,0.0,0.1
174,0.0,0.13333333333333333
175,0.0,0.26666666666666666
176,0.0,0.23333333333333334
177,0.0,0.1
178,0.0,0.23333333333333334
179,0.0,0.2
180,0.0,0.5
181,0.0,0.23333333333333334
182,0.0,0.3
183,0.0,0.3333333333333333
184,0.0,0.23333333333333334
185,0.0,0.26666666666666666
186,0.0,0.13333333333333333
187,0.0,0.2
188,0.0,0.3333333333333333
189,0.0,0.26666666666666666
190,0.0,0.3333333333333333
191,0.0,0.36666666666666664
192,0.0,0.1
193,0.0,0.3333333333333333
194,0.0,0.26666666666666666
195,0.0,0.16666666666666666
196,0.0,0.26666666666666666
197,0.0,0.2
198,0.0,0.4
199,0.0,0.16666666666666666
200,0.0,0.3
201,0.0,0.2
202,0.0,0.26666666666666666
203,0.0,0.3
204,0.0,0.5
205,0.0,0.23333333333333334
206,0.0,0.26666666666666666
207,0.0,0.3
208,0.0,0.23333333333333334
209,0.0,0.26666666666666666
210,0.0,0.23333333333333334
211,0.0,0.2
212,0.0,0.2
213,0.0,0.16666666666666666
214,0.0,0.3333333333333333
215,0.0,0.06666666666666667
216,0.0,0.3
217,0.0,0.3
218,0.0,0.26666666666666666
219,0.0,0.4
220,0.0,0.3333333333333333
221,0.0,0.2
222,0.0,0.16666666666666666
223,0.0,0.2
224,0.0,0.36666666666666664
225,0.0,0.3333333333333333
226,0.0,0.26666666666666666
227,0.0,0.16666666666666666
228,0.0,0.2
229,0.0,0.23333333333333334
230,0.0,0.3
231,0.0,0.26666666666666666
232,0.0,0.13333333333333333
233,0.0,0.5
234,0.0,0.16666666666666666
235,0.0,0.16666666666666666
236,0.0,0.2
237,0.0,0.13333333333333333
238,0.0,0.26666666666666666
239,0.0,0.36666666666666664
240,0.0,0.1
241,0.0,0.16666666666666666
242,0.0,0.26666666666666666
243,0.0,0.13333333333333333
244,0.0,0.2
245,0.0,0.6
246,0.0,0.26666666666666666
247,0.0,0.16666666666666666
248,0.0,0.3
249,0.0,0.3
250,0.0,0.36666666666666664
251,0.0,0.23333333333333334
252,0.0,0.2
253,0.0,0.2
254,0.0,0.26666666666666666
255,0.0,0.23333333333333334
256,0.0,0.3
257,0.0,0.26666666666666666
258,0.0,0.23333333333333334
259,0.0,0.36666666666666664
260,0.0,0.23333333333333334
261,0.0,0.23333333333333334
262,0.0,0.2
263,0.0,0.3
264,0.0,0.36666666666666664
265,0.0,0.36666666666666664
266,0.0,0.23333333333333334
267,0.0,0.1
268,0.0,0.4
269,0.0,0.13333333333333333
270,0.0,0.2
271,0.0,0.16666666666666666
272,0.0,0.26666666666666666
273,0.0,0.26666666666666666
274,0.0,0.2
275,0.0,0.13333333333333333
276,0.0,0.1
277,0.0,0.2
278,0.0,0.2
279,0.0,0.1
280,0.0,0.26666666666666666
281,0.0,0.26666666666666666
282,0.0,0.26666666666666666
283,0.0,0.3333333333333333
284,0.0,0.43333333333333335
285,0.0,0.36666666666666664
286,0.0,0.16666666666666666
287,0.0,0.3
288,0.0,0.3
289,0.0,0.36666666666666664
290,0.0,0.26666666666666666
291,0.0,0.16666666666666666
292,0.0,0.3
293,0.0,0.23333333333333334
294,0.0,0.36666666666666664
295,0.0,0.26666666666666666
296,0.0,0.23333333333333334
297,0.0,0.3333333333333333
298,0.0,0.23333333333333334
299,0.0,0.2
300,0.0,0.4666666666666667
0,0,0
1,0.0,0.23333333333333334
2,0.0,0.3333333333333333
3,0.0,0.13333333333333333
4,0.0,0.4
5,0.0,0.16666666666666666
6,0.0,0.26666666666666666
7,0.0,0.23333333333333334
8,0.0,0.26666666666666666
9,0.0,0.26666666666666666
10,0.0,0.26666666666666666
11,0.0,0.26666666666666666
12,0.0,0.36666666666666664
13,0.0,0.16666666666666666
14,0.0,0.23333333333333334
15,0.0,0.2
16,0.0,0.3
17,0.0,0.26666666666666666
18,0.0,0.2
19,0.0,0.2
20,0.0,0.2
21,0.0,0.3
22,0.0,0.2
23,0.0,0.16666666666666666
24,0.0,0.13333333333333333
25,0.0,0.2
26,0.0,0.06666666666666667
27,0.0,0.3
28,0.0,0.3333333333333333
29,0.0,0.1
30,0.0,0.3333333333333333
31,0.0,0.3333333333333333
32,0.0,0.3333333333333333
33,0.0,0.16666666666666666
34,0.0,0.23333333333333334
35,0.0,0.26666666666666666
36,0.0,0.3
37,0.0,0.26666666666666666
38,0.0,0.23333333333333334
39,0.0,0.43333333333333335
40,0.0,0.2
41,0.0,0.2
42,0.0,0.23333333333333334
43,0.0,0.36666666666666664
44,0.0,0.3
45,0.0,0.3333333333333333
46,0.0,0.2
47,0.0,0.36666666666666664
48,0.0,0.16666666666666666
49,0.0,0.3
50,0.0,0.26666666666666666
51,0.0,0.23333333333333334
52,0.0,0.3
53,0.0,0.23333333333333334
54,0.0,0.2
55,0.0,0.3
56,0.0,0.23333333333333334
57,0.0,0.13333333333333333
58,0.0,0.43333333333333335
59,0.0,0.16666666666666666
60,0.0,0.26666666666666666
61,0.0,0.3
62,0.0,0.26666666666666666
63,0.0,0.3
64,0.0,0.23333333333333334
65,0.0,0.26666666666666666
66,0.0,0.23333333333333334
67,0.0,0.4666666666666667
68,0.0,0.26666666666666666
69,0.0,0.16666666666666666
70,0.0,0.36666666666666664
71,0.0,0.16666666666666666
72,0.0,0.2
73,0.0,0.23333333333333334
74,0.0,0.26666666666666666
75,0.0,0.16666666666666666
76,0.0,0.4
77,0.0,0.26666666666666666
78,0.0,0.16666666666666666
79,0.0,0.16666666666666666
80,0.0,0.16666666666666666
81,0.0,0.23333333333333334
82,0.0,0.3
83,0.0,0.13333333333333333
84,0.0,0.26666666666666666
85,0.0,0.3
86,0.0,0.26666666666666666
87,0.0,0.23333333333333334
88,0.0,0.16666666666666666
89,0.0,0.16666666666666666
90,0.0,0.2
91,0.0,0.16666666666666666
92,0.0,0.26666666666666666
93,0.0,0.23333333333333334
94,0.0,0.13333333333333333
95,0.0,0.3
96,0.0,0.23333333333333334
97,0.0,0.23333333333333334
98,0.0,0.3
99,0.0,0.23333333333333334
100,0.0,0.26666666666666666
101,0.0,0.2
102,0.0,0.4
103,0.0,0.3333333333333333
104,0.0,0.3333333333333333
105,0.0,0.3333333333333333
106,0.0,0.3
107,0.0,0.3
108,0.0,0.26666666666666666
109,0.0,0.26666666666666666
110,0.0,0.16666666666666666
111,0.0,0.26666666666666666
112,0.0,0.3
113,0.0,0.26666666666666666
114,0.0,0.23333333333333334
115,0.0,0.26666666666666666
116,0.0,0.3
117,0.0,0.2
118,0.0,0.23333333333333334
119,0.0,0.23333333333333334
120,0.0,0.23333333333333334
121,0.0,0.3
122,0.0,0.4
123,0.0,0.23333333333333334
124,0.0,0.3
125,0.0,0.16666666666666666
126,0.0,0.3333333333333333
127,0.0,0.2
128,0.0,0.23333333333333334
129,0.0,0.3
130,0.0,0.23333333333333334
131,0.0,0.3
132,0.0,0.3333333333333333
133,0.0,0.23333333333333334
134,0.0,0.26666666666666666
135,0.0,0.23333333333333334
136,0.0,0.06666666666666667
137,0.0,0.23333333333333334
138,0.0,0.2
139,0.0,0.2
140,0.0,0.36666666666666664
141,0.0,0.26666666666666666
142,0.0,0.3
143,0.0,0.2
144,0.0,0.2
145,0.0,0.23333333333333334
146,0.0,0.36666666666666664
147,0.0,0.23333333333333334
148,0.0,0.16666666666666666
149,0.0,0.13333333333333333
150,0.0,0.2
151,0.0,0.3
152,0.0,0.3
153,0.0,0.16666666666666666
154,0.0,0.2
155,0.0,0.16666666666666666
156,0.0,0.23333333333333334
157,0.0,0.23333333333333334
158,0.0,0.23333333333333334
159,0.0,0.36666666666666664
160,0.0,0.23333333333333334
161,0.0,0.26666666666666666
162,0.0,0.1
163,0.0,0.2
164,0.0,0.3333333333333333
165,0.0,0.2
166,0.0,0.1
167,0.0,0.23333333333333334
168,0.0,0.26666666666666666
169,0.0,0.2
170,0.0,0.26666666666666666
171,0.0,0.23333333333333334
172,0.0,0.1
173,0.0,0.16666666666666666
174,0.0,0.23333333333333334
175,0.0,0.3
176,0.0,0.13333333333333333
177,0.0,0.23333333333333334
178,0.0,0.13333333333333333
179,0.0,0.4
180,0.0,0.26666666666666666
181,0.0,0.3
182,0.0,0.1
183,0.0,0.3
184,0.0,0.16666666666666666
185,0.0,0.26666666666666666
186,0.0,0.4
187,0.0,0.16666666666666666
188,0.0,0.23333333333333334
189,0.0,0.26666666666666666
190,0.0,0.26666666666666666
191,0.0,0.1
192,0.0,0.3333333333333333
193,0.0,0.43333333333333335
194,0.0,0.2
195,0.0,0.23333333333333334
196,0.0,0.3
197,0.0,0.26666666666666666
198,0.0,0.1
199,0.0,0.26666666666666666
200,0.0,0.16666666666666666
201,0.0,0.26666666666666666
202,0.0,0.16666666666666666
203,0.0,0.23333333333333334
204,0.0,0.3
205,0.0,0.3
206,0.0,0.23333333333333334
207,0.0,0.16666666666666666
208,0.0,0.3
209,0.0,0.26666666666666666
210,0.0,0.3
211,0.0,0.23333333333333334
212,0.0,0.3
213,0.0,0.3333333333333333
214,0.0,0.3
215,0.0,0.2
216,0.0,0.13333333333333333
217,0.0,0.3
218,0.0,0.13333333333333333
219,0.0,0.3
220,0.0,0.16666666666666666
221,0.0,0.23333333333333334
222,0.0,0.26666666666666666
223,0.0,0.16666666666666666
224,0.0,0.3
225,0.0,0.26666666666666666
226,0.0,0.23333333333333334
227,0.0,0.16666666666666666
228,0.0,0.3
229,0.0,0.43333333333333335
230,0.0,0.2
231,0.0,0.26666666666666666
232,0.0,0.26666666666666666
233,0.0,0.13333333333333333
234,0.0,0.3
235,0.0,0.3
236,0.0,0.26666666666666666
237,0.0,0.13333333333333333
238,0.0,0.26666666666666666
239,0.0,0.16666666666666666
240,0.0,0.3
241,0.0,0.26666666666666666
242,0.0,0.26666666666666666
243,0.0,0.13333333333333333
244,0.0,0.3
245,0.0,0.26666666666666666
246,0.0,0.3
247,0.0,0.2
248,0.0,0.3333333333333333
249,0.0,0.26666666666666666
250,0.0,0.13333333333333333
251,0.0,0.36666666666666664
252,0.0,0.1
253,0.0,0.2
254,0.0,0.16666666666666666
255,0.0,0.2
256,0.0,0.2
257,0.0,0.26666666666666666
258,0.0,0.23333333333333334
259,0.0,0.2
260,0.0,0.16666666666666666
261,0.0,0.23333333333333334
262,0.0,0.16666666666666666
263,0.0,0.26666666666666666
264,0.0,0.3333333333333333
265,0.0,0.36666666666666664
266,0.0,0.3333333333333333
267,0.0,0.3
268,0.0,0.26666666666666666
269,0.0,0.26666666666666666
270,0.0,0.2
271,0.0,0.16666666666666666
272,0.0,0.3333333333333333
273,0.0,0.3
274,0.0,0.16666666666666666
275,0.0,0.2
276,0.0,0.23333333333333334
277,0.0,0.1
278,0.0,0.26666666666666666
279,0.0,0.3333333333333333
280,0.0,0.2
281,0.0,0.4
282,0.0,0.3
283,0.0,0.3
284,0.0,0.16666666666666666
285,0.0,0.26666666666666666
286,0.0,0.2
287,0.0,0.3
288,0.0,0.36666666666666664
289,0.0,0.23333333333333334
290,0.0,0.3
291,0.0,0.3333333333333333
292,0.0,0.3
293,0.0,0.26666666666666666
294,0.0,0.16666666666666666
295,0.0,0.3
296,0.0,0.26666666666666666
297,0.0,0.3
298,0.0,0.16666666666666666
299,0.0,0.13333333333333333
300,0.0,0.3333333333333333
0,0,0
1,0.0,0.13333333333333333
2,0.0,0.23333333333333334
3,0.0,0.43333333333333335
4,0.0,0.2
5,0.0,0.26666666666666666
6,0.0,0.26666666666666666
7,0.0,0.3333333333333333
8,0.0,0.4
9,0.0,0.13333333333333333
10,0.0,0.13333333333333333
11,0.0,0.26666666666666666
12,0.0,0.3
13,0.0,0.23333333333333334
14,0.0,0.3333333333333333
15,0.0,0.23333333333333334
16,0.0,0.23333333333333334
17,0.0,0.26666666666666666
18,0.0,0.16666666666666666
19,0.0,0.26666666666666666
20,0.0,0.3
21,0.0,0.16666666666666666
22,0.0,0.16666666666666666
23,0.0,0.13333333333333333
24,0.0,0.16666666666666666
25,0.0,0.16666666666666666
26,0.0,0.23333333333333334
27,0.0,0.26666666666666666
28,0.0,0.13333333333333333
29,0.0,0.23333333333333334
30,0.0,0.26666666666666666
31,0.0,0.26666666666666666
32,0.0,0.3
33,0.0,0.23333333333333334
34,0.0,0.23333333333333334
35,0.0,0.23333333333333334
36,0.0,0.26666666666666666
37,0.0,0.26666666666666666
38,0.0,0.23333333333333334
39,0.0,0.2
40,0.0,0.3333333333333333
41,0.0,0.26666666666666666
42,0.0,0.2
43,0.0,0.2
44,0.0,0.16666666666666666
45,0.0,0.26666666666666666
46,0.0,0.23333333333333334
47,0.0,0.3
48,0.0,0.2
49,0.0,0.26666666666666666
50,0.0,0.3333333333333333
51,0.0,0.2
52,0.0,0.2
53,0.0,0.2
54,0.0,0.26666666666666666
55,0.0,0.3333333333333333
56,0.0,0.2
57,0.0,0.26666666666666666
58,0.0,0.1
59,0.0,0.13333333333333333
60,0.0,0.16666666666666666
61,0.0,0.36666666666666664
62,0.0,0.23333333333333334
63,0.0,0.1
64,0.0,0.3333333333333333
65,0.0,0.2
66,0.0,0.3
67,0.0,0.23333333333333334
68,0.0,0.3333333333333333
69,0.0,0.23333333333333334
70,0.0,0.2
71,0.0,0.23333333333333334
72,0.0,0.2
73,0.0,0.23333333333333334
74,0.0,0.26666666666666666
75,0.0,0.3
76,0.0,0.26666666666666666
77,0.0,0.23333333333333334
78,0.0,0.16666666666666666
79,0.0,0.23333333333333334
80,0.0,0.3
81,0.0,0.36666666666666664
82,0.0,0.3
83,0.0,0.2
84,0.0,0.43333333333333335
85,0.0,0.3
86,0.0,0.3333333333333333
87,0.0,0.5
88,0.0,0.26666666666666666
89,0.0,0.26666666666666666
90,0.0,0.26666666666666666
91,0.0,0.2
92,0.0,0.23333333333333334
93,0.0,0.13333333333333333
94,0.0,0.13333333333333333
95,0.0,0.2
96,0.0,0.26666666666666666
97,0.0,0.23333333333333334
98,0.0,0.23333333333333334
99,0.0,0.26666666666666666
100,0.0,0.2
101,0.0,0.26666666666666666
102,0.0,0.23333333333333334
103,0.0,0.2
104,0.0,0.43333333333333335
105,0.0,0.2
106,0.0,0.2
107,0.0,0.16666666666666666
108,0.0,0.3
109,0.0,0.23333333333333334
110,0.0,0.26666666666666666
111,0.0,0.3
112,0.0,0.3
113,0.0,0.3333333333333333
114,0.0,0.3
115,0.0,0.13333333333333333
116,0.0,0.2
117,0.0,0.2
118,0.0,0.23333333333333334
119,0.0,0.3333333333333333
120,0.0,0.3333333333333333
121,0.0,0.3
122,0.0,0.16666666666666666
123,0.0,0.3
124,0.0,0.26666666666666666
125,0.0,0.16666666666666666
126,0.0,0.16666666666666666
127,0.0,0.16666666666666666
128,0.0,0.3
129,0.0,0.23333333333333334
130,0.0,0.3
131,0.0,0.26666666666666666
132,0.0,0.26666666666666666
133,0.0,0.23333333333333334
134,0.0,0.36666666666666664
135,0.0,0.23333333333333334
136,0.0,0.36666666666666664
137,0.0,0.3333333333333333
138,0.0,0.16666666666666666
139,0.0,0.16666666666666666
140,0.0,0.26666666666666666
141,0.0,0.13333333333333333
142,0.0,0.23333333333333334
143,0.0,0.26666666666666666
144,0.0,0.26666666666666666
145,0.0,0.13333333333333333
146,0.0,0.2
147,0.0,0.23333333333333334
148,0.0,0.36666666666666664
149,0.0,0.23333333333333334
150,0.0,0.2
151,0.0,0.2
152,0.0,0.23333333333333334
153,0.0,0.23333333333333334
154,0.0,0.03333333333333333
155,0.0,0.23333333333333334
156,0.0,0.13333333333333333
157,0.0,0.26666666666666666
158,0.0,0.26666666666666666
159,0.0,0.3
160,0.0,0.3
161,0.0,0.23333333333333334
162,0.0,0.23333333333333334
163,0.0,0.23333333333333334
164,0.0,0.23333333333333334
165,0.0,0.23333333333333334
166,0.0,0.13333333333333333
167,0.0,0.2
168,0.0,0.3
169,0.0,0.13333333333333333
170,0.0,0.3333333333333333
171,0.0,0.16666666666666666
172,0.0,0.23333333333333334
173,0.0,0.23333333333333334
174,0.0,0.2
175,0.0,0.36666666666666664
176,0.0,0.36666666666666664
177,0.0,0.06666666666666667
178,0.0,0.26666666666666666
179,0.0,0.4
180,0.0,0.23333333333333334
181,0.0,0.23333333333333334
182,0.0,0.23333333333333334
183,0.0,0.3
184,0.0,0.2
185,0.0,0.23333333333333334
186,0.0,0.26666666666666666
187,0.0,0.3
188,0.0,0.26666666666666666
189,0.0,0.4
190,0.0,0.2
191,0.0,0.3
192,0.0,0.16666666666666666
193,0.0,0.23333333333333334
194,0.0,0.4
195,0.0,0.3333333333333333
196,0.0,0.2
197,0.0,0.13333333333333333
198,0.0,0.23333333333333334
199,0.0,0.23333333333333334
200,0.0,0.3
201,0.0,0.23333333333333334
202,0.0,0.26666666666666666
203,0.0,0.2
204,0.0,0.36666666666666664
205,0.0,0.3333333333333333
206,0.0,0.23333333333333334
207,0.0,0.2
208,0.0,0.23333333333333334
209,0.0,0.16666666666666666
210,0.0,0.16666666666666666
211,0.0,0.16666666666666666
212,0.0,0.4
213,0.0,0.16666666666666666
214,0.0,0.36666666666666664
215,0.0,0.4
216,0.0,0.23333333333333334
217,0.0,0.26666666666666666
218,0.0,0.23333333333333334
219,0.0,0.1
220,0.0,0.23333333333333334
221,0.0,0.26666666666666666
222,0.0,0.16666666666666666
223,0.0,0.36666666666666664
224,0.0,0.16666666666666666
225,0.0,0.23333333333333334
226,0.0,0.3333333333333333
227,0.0,0.3
228,0.0,0.2
229,0.0,0.23333333333333334
230,0.0,0.26666666666666666
231,0.0,0.2
232,0.0,0.3
233,0.0,0.2
234,0.0,0.36666666666666664
235,0.0,0.26666666666666666
236,0.0,0.16666666666666666
237,0.0,0.23333333333333334
238,0.0,0.26666666666666666
239,0.0,0.4
240,0.0,0.2
241,0.0,0.3
242,0.0,0.3333333333333333
243,0.0,0.23333333333333334
244,0.0,0.2
245,0.0,0.2
246,0.0,0.4
247,0.0,0.3333333333333333
248,0.0,0.23333333333333334
249,0.0,0.2
250,0.0,0.16666666666666666
251,0.0,0.23333333333333334
252,0.0,0.3333333333333333
253,0.0,0.3
254,0.0,0.43333333333333335
255,0.0,0.23333333333333334
256,0.0,0.2
257,0.0,0.3
258,0.0,0.26666666666666666
259,0.0,0.3
260,0.0,0.36666666666666664
261,0.0,0.1
262,0.0,0.23333333333333334
263,0.0,0.3333333333333333
264,0.0,0.23333333333333334
265,0.0,0.26666666666666666
266,0.0,0.3333333333333333
267,0.0,0.23333333333333334
268,0.0,0.2
269,0.0,0.2
270,0.0,0.36666666666666664
271,0.0,0.5
272,0.0,0.2
273,0.0,0.3333333333333333
274,0.0,0.26666666666666666
275,0.0,0.36666666666666664
276,0.0,0.2
277,0.0,0.23333333333333334
278,0.0,0.23333333333333334
279,0.0,0.23333333333333334
280,0.0,0.2
281,0.0,0.3
282,0.0,0.3
283,0.0,0.23333333333333334
284,0.0,0.26666666666666666
285,0.0,0.13333333333333333
286,0.0,0.5333333333333333
287,0.0,0.2
288,0.0,0.3333333333333333
289,0.0,0.26666666666666666
290,0.0,0.16666666666666666
291,0.0,0.16666666666666666
292,0.0,0.13333333333333333
293,0.0,0.3
294,0.0,0.23333333333333334
295,0.0,0.16666666666666666
296,0.0,0.23333333333333334
297,0.0,0.36666666666666664
298,0.0,0.13333333333333333
299,0.0,0.3333333333333333
300,0.0,0.2
0,0,0
1,0.0,0.3
2,0.0,0.2
3,0.0,0.26666666666666666
4,0.0,0.26666666666666666
5,0.0,0.16666666666666666
6,0.0,0.26666666666666666
7,0.0,0.23333333333333334
8,0.0,0.13333333333333333
9,0.0,0.23333333333333334
10,0.0,0.26666666666666666
11,0.0,0.4
12,0.0,0.23333333333333334
13,0.0,0.13333333333333333
14,0.0,0.2
15,0.0,0.13333333333333333
16,0.0,0.2
17,0.0,0.23333333333333334
18,0.0,0.16666666666666666
19,0.0,0.23333333333333334
20,0.0,0.3
21,0.0,0.26666666666666666
22,0.0,0.16666666666666666
23,0.0,0.23333333333333334
24,0.0,0.2
25,0.0,0.1
26,0.0,0.36666666666666664
27,0.0,0.16666666666666666
28,0.0,0.26666666666666666
29,0.0,0.3
30,0.0,0.2
31,0.0,0.2
32,0.0,0.23333333333333334
33,0.0,0.23333333333333334
34,0.0,0.16666666666666666
35,0.0,0.2
36,0.0,0.23333333333333334
37,0.0,0.23333333333333334
38,0.0,0.2
39,0.0,0.3333333333333333
40,0.0,0.26666666666666666
41,0.0,0.26666666666666666
42,0.0,0.3
43,0.0,0.26666666666666666
44,0.0,0.26666666666666666
45,0.0,0.13333333333333333
46,0.0,0.16666666666666666
47,0.0,0.26666666666666666
48,0.0,0.3333333333333333
49,0.0,0.2
50,0.0,0.26666666666666666
51,0.0,0.26666666666666666
52,0.0,0.26666666666666666
53,0.0,0.2
54,0.0,0.3
55,0.0,0.36666666666666664
56,0.0,0.2
57,0.0,0.26666666666666666
58,0.0,0.3333333333333333
59,0.0,0.23333333333333334
60,0.0,0.3
61,0.0,0.23333333333333334
62,0.0,0.16666666666666666
63,0.0,0.23333333333333334
64,0.0,0.3333333333333333
65,0.0,0.13333333333333333
66,0.0,0.26666666666666666
67,0.0,0.23333333333333334
68,0.0,0.06666666666666667
69,0.0,0.26666666666666666
70,0.0,0.3
71,0.0,0.26666666666666666
72,0.0,0.13333333333333333
73,0.0,0.43333333333333335
74,0.0,0.2
75,0.0,0.26666666666666666
76,0.0,0.16666666666666666
77,0.0,0.23333333333333334
78,0.0,0.43333333333333335
79,0.0,0.36666666666666664
80,0.0,0.3333333333333333
81,0.0,0.3
82,0.0,0.2
83,0.0,0.3333333333333333
84,0.0,0.3333333333333333
85,0.0,0.4666666666666667
86,0.0,0.23333333333333334
87,0.0,0.23333333333333334
88,0.0,0.23333333333333334
89,0.0,0.26666666666666666
90,0.0,0.26666666666666666
91,0.0,0.36666666666666664
92,0.0,0.3333333333333333
93,0.0,0.16666666666666666
94,0.0,0.26666666666666666
95,0.0,0.3333333333333333
96,0.0,0.13333333333333333
97,0.0,0.23333333333333334
98,0.0,0.16666666666666666
99,0.0,0.13333333333333333
100,0.0,0.36666666666666664
101,0.0,0.23333333333333334
102,0.0,0.2
103,0.0,0.3
104,0.0,0.26666666666666666
105,0.0,0.23333333333333334
106,0.0,0.36666666666666664
107,0.0,0.3
108,0.0,0.13333333333333333
109,0.0,0.3
110,0.0,0.16666666666666666
111,0.0,0.3
112,0.0,0.26666666666666666
113,0.0,0.26666666666666666
114,0.0,0.3333333333333333
115,0.0,0.13333333333333333
116,0.0,0.26666666666666666
117,0.0,0.26666666666666666
118,0.0,0.26666666666666666
119,0.0,0.36666666666666664
120,0.0,0.13333333333333333
121,0.0,0.4
122,0.0,0.3
123,0.0,0.3333333333333333
124,0.0,0.3
125,0.0,0.1
126,0.0,0.3333333333333333
127,0.0,0.16666666666666666
128,0.0,0.3
129,0.0,0.16666666666666666
130,0.0,0.23333333333333334
131,0.0,0.23333333333333334
132,0.0,0.23333333333333334
133,0.0,0.16666666666666666
134,0.0,0.16666666666666666
135,0.0,0.3333333333333333
136,0.0,0.16666666666666666
137,0.0,0.16666666666666666
138,0.0,0.13333333333333333
139,0.0,0.3
140,0.0,0.13333333333333333
141,0.0,0.3333333333333333
142,0.0,0.3333333333333333
143,0.0,0.2
144,0.0,0.23333333333333334
145,0.0,0.1
146,0.0,0.23333333333333334
147,0.0,0.2
148,0.0,0.3333333333333333
149,0.0,0.2
150,0.0,0.23333333333333334
151,0.0,0.3
152,0.0,0.23333333333333334
153,0.0,0.23333333333333334
154,0.0,0.4
155,0.0,0.23333333333333334
156,0.0,0.3
157,0.0,0.13333333333333333
158,0.0,0.36666666666666664
159,0.0,0.23333333333333334
160,0.0,0.3
161,0.0,0.23333333333333334
162,0.0,0.3
163,0.0,0.26666666666666666
164,0.0,0.26666666666666666
165,0.0,0.16666666666666666
166,0.0,0.13333333333333333
167,0.0,0.4
168,0.0,0.26666666666666666
169,0.0,0.2
170,0.0,0.16666666666666666
171,0.0,0.26666666666666666
172,0.0,0.23333333333333334
173,0.0,0.26666666666666666
174,0.0,0.3333333333333333
175,0.0,0.23333333333333334
176,0.0,0.3333333333333333
177,0.0,0.3
178,0.0,0.3333333333333333
179,0.0,0.23333333333333334
180,0.0,0.26666666666666666
181,0.0,0.23333333333333334
182,0.0,0.2
183,0.0,0.23333333333333334
184,0.0,0.1
185,0.0,0.4
186,0.0,0.26666666666666666
187,0.0,0.23333333333333334
188,0.0,0.3
189,0.0,0.1
190,0.0,0.16666666666666666
191,0.0,0.26666666666666666
192,0.0,0.23333333333333334
193,0.0,0.36666666666666664
194,0.0,0.23333333333333334
195,0.0,0.3333333333333333
196,0.0,0.23333333333333334
197,0.0,0.4
198,0.0,0.26666666666666666
199,0.0,0.23333333333333334
200,0.0,0.3
201,0.0,0.1
202,0.0,0.1
203,0.0,0.23333333333333334
204,0.0,0.2
205,0.0,0.2
206,0.0,0.2
207,0.0,0.4666666666666667
208,0.0,0.3
209,0.0,0.3
210,0.0,0.23333333333333334
211,0.0,0.3333333333333333
212,0.0,0.3
213,0.0,0.13333333333333333
214,0.0,0.3
215,0.0,0.26666666666666666
216,0.0,0.3
217,0.0,0.2
218,0.0,0.3333333333333333
219,0.0,0.23333333333333334
220,0.0,0.23333333333333334
221,0.0,0.2
222,0.0,0.5
223,0.0,0.3
224,0.0,0.23333333333333334
225,0.0,0.23333333333333334
226,0.0,0.13333333333333333
227,0.0,0.26666666666666666
228,0.0,0.43333333333333335
229,0.0,0.3333333333333333
230,0.0,0.2
231,0.0,0.3333333333333333
232,0.0,0.2
233,0.0,0.3
234,0.0,0.3333333333333333
235,0.0,0.26666666666666666
236,0.0,0.3333333333333333
237,0.0,0.13333333333333333
238,0.0,0.06666666666666667
239,0.0,0.3
240,0.0,0.3333333333333333
241,0.0,0.23333333333333334
242,0.0,0.16666666666666666
243,0.0,0.3
244,0.0,0.23333333333333334
245,0.0,0.2
246,0.0,0.26666666666666666
247,0.0,0.23333333333333334
248,0.0,0.13333333333333333
249,0.0,0.13333333333333333
250,0.0,0.16666666666666666
251,0.0,0.3
252,0.0,0.2
253,0.0,0.2
254,0.0,0.23333333333333334
255,0.0,0.2
256,0.0,0.3
257,0.0,0.26666666666666666
258,0.0,0.23333333333333334
259,0.0,0.23333333333333334
260,0.0,0.36666666666666664
261,0.0,0.26666666666666666
262,0.0,0.06666666666666667
263,0.0,0.3333333333333333
264,0.0,0.36666666666666664
265,0.0,0.23333333333333334
266,0.0,0.23333333333333334
267,0.0,0.43333333333333335
268,0.0,0.2
269,0.0,0.2
270,0.0,0.2
271,0.0,0.3333333333333333
272,0.0,0.26666666666666666
273,0.0,0.16666666666666666
274,0.0,0.23333333333333334
275,0.0,0.3
276,0.0,0.26666666666666666
277,0.0,0.26666666666666666
278,0.0,0.23333333333333334
279,0.0,0.1
280,0.0,0.2
281,0.0,0.23333333333333334
282,0.0,0.3333333333333333
283,0.0,0.3333333333333333
284,0.0,0.26666666666666666
285,0.0,0.2
286,0.0,0.23333333333333334
287,0.0,0.2
288,0.0,0.23333333333333334
289,0.0,0.06666666666666667
290,0.0,0.1
291,0.0,0.2
292,0.0,0.26666666666666666
293,0.0,0.23333333333333334
294,0.0,0.26666666666666666
295,0.0,0.13333333333333333
296,0.0,0.3
297,0.0,0.23333333333333334
298,0.0,0.2
299,0.0,0.26666666666666666
300,0.0,0.3333333333333333
0,0,0
1,0.0,0.36666666666666664
2,0.0,0.23333333333333334
3,0.0,0.23333333333333334
4,0.0,0.1
5,0.0,0.36666666666666664
6,0.0,0.16666666666666666
7,0.0,0.3
8,0.0,0.06666666666666667
9,0.0,0.23333333333333334
10,0.0,0.3333333333333333
11,0.0,0.16666666666666666
12,0.0,0.23333333333333334
13,0.0,0.13333333333333333
14,0.0,0.26666666666666666
15,0.0,0.23333333333333334
16,0.0,0.4
17,0.0,0.13333333333333333
18,0.0,0.3
19,0.0,0.3333333333333333
20,0.0,0.23333333333333334
21,0.0,0.1
22,0.0,0.23333333333333334
23,0.0,0.2
24,0.0,0.23333333333333334
25,0.0,0.23333333333333334
26,0.0,0.2
27,0.0,0.4
28,0.0,0.3333333333333333
29,0.0,0.3
30,0.0,0.3
31,0.0,0.26666666666666666
32,0.0,0.3
33,0.0,0.16666666666666666
34,0.0,0.23333333333333334
35,0.0,0.23333333333333334
36,0.0,0.23333333333333334
37,0.0,0.16666666666666666
38,0.0,0.16666666666666666
39,0.0,0.16666666666666666
40,0.0,0.23333333333333334
41,0.0,0.23333333333333334
42,0.0,0.16666666666666666
43,0.0,0.23333333333333334
44,0.0,0.3
45,0.0,0.1
46,0.0,0.26666666666666666
47,0.0,0.3
48,0.0,0.2
49,0.0,0.26666666666666666
50,0.0,0.3
51,0.0,0.3
52,0.0,0.26666666666666666
53,0.0,0.3333333333333333
54,0.0,0.16666666666666666
55,0.0,0.4
56,0.0,0.3
57,0.0,0.13333333333333333
58,0.0,0.3333333333333333
59,0.0,0.4
60,0.0,0.26666666666666666
61,0.0,0.3
62,0.0,0.4
63,0.0,0.1
64,0.0,0.3333333333333333
65,0.0,0.3333333333333333
66,0.0,0.3
67,0.0,0.3
68,0.0,0.23333333333333334
69,0.0,0.3333333333333333
70,0.0,0.23333333333333334
71,0.0,0.2
72,0.0,0.2
73,0.0,0.3
74,0.0,0.26666666666666666
75,0.0,0.23333333333333334
76,0.0,0.2
77,0.0,0.23333333333333334
78,0.0,0.26666666666666666
79,0.0,0.26666666666666666
80,0.0,0.26666666666666666
81,0.0,0.2
82,0.0,0.23333333333333334
83,0.0,0.3333333333333333
84,0.0,0.2
85,0.0,0.3
86,0.0,0.3
87,0.0,0.16666666666666666
88,0.0,0.26666666666666666
89,0.0,0.26666666666666666
90,0.0,0.1
91,0.0,0.3
92,0.0,0.3
93,0.0,0.1
94,0.0,0.3
95,0.0,0.26666666666666666
96,0.0,0.36666666666666664
97,0.0,0.2
98,0.0,0.23333333333333334
99,0.0,0.1
100,0.0,0.3
101,0.0,0.4
102,0.0,0.3
103,0.0,0.23333333333333334
104,0.0,0.2
105,0.0,0.13333333333333333
106,0.0,0.4
107,0.0,0.2
108,0.0,0.2
109,0.0,0.23333333333333334
110,0.0,0.26666666666666666
111,0.0,0.26666666666666666
112,0.0,0.23333333333333334
113,0.0,0.23333333333333334
114,0.0,0.23333333333333334
115,0.0,0.23333333333333334
116,0.0,0.23333333333333334
117,0.0,0.2
118,0.0,0.2
119,0.0,0.3
120,0.0,0.26666666666666666
121,0.0,0.23333333333333334
122,0.0,0.4
123,0.0,0.4666666666666667
124,0.0,0.3
125,0.0,0.23333333333333334
126,0.0,0.3333333333333333
127,0.0,0.3333333333333333
128,0.0,0.1
129,0.0,0.26666666666666666
130,0.0,0.26666666666666666
131,0.0,0.26666666666666666
132,0.0,0.23333333333333334
133,0.0,0.16666666666666666
134,0.0,0.4
135,0.0,0.23333333333333334
136,0.0,0.1
137,0.0,0.16666666666666666
138,0.0,0.23333333333333334
139,0.0,0.23333333333333334
140,0.0,0.36666666666666664
141,0.0,0.26666666666666666
142,0.0,0.1
143,0.0,0.23333333333333334
144,0.0,0.3
145,0.0,0.23333333333333334
146,0.0,0.23333333333333334
147,0.0,0.2
148,0.0,0.26666666666666666
149,0.0,0.2
150,0.0,0.4
151,0.0,0.16666666666666666
152,0.0,0.1
153,0.0,0.06666666666666667
154,0.0,0.3333333333333333
155,0.0,0.2
156,0.0,0.2
157,0.0,0.3333333333333333
158,0.0,0.4
159,0.0,0.2
160,0.0,0.26666666666666666
161,0.0,0.23333333333333334
162,0.0,0.3
163,0.0,0.1
164,0.0,0.3
165,0.0,0.23333333333333334
166,0.0,0.36666666666666664
167,0.0,0.3333333333333333
168,0.0,0.26666666666666666
169,0.0,0.16666666666666666
170,0.0,0.3333333333333333
171,0.0,0.2
172,0.0,0.2
173,0.0,0.16666666666666666
174,0.0,0.23333333333333334
175,0.0,0.23333333333333334
176,0.0,0.2
177,0.0,0.13333333333333333
178,0.0,0.13333333333333333
179,0.0,0.2
180,0.0,0.23333333333333334
181,0.0,0.2
182,0.0,0.23333333333333334
183,0.0,0.23333333333333334
184,0.0,0.3
185,0.0,0.26666666666666666
186,0.0,0.2
187,0.0,0.26666666666666666
188,0.0,0.3333333333333333
189,0.0,0.36666666666666664
190,0.0,0.2
191,0.0,0.23333333333333334
192,0.0,0.36666666666666664
193,0.0,0.13333333333333333
194,0.0,0.23333333333333334
195,0.0,0.26666666666666666
196,0.0,0.23333333333333334
197,0.0,0.3
198,0.0,0.4
199,0.0,0.2
200,0.0,0.23333333333333334
201,0.0,0.43333333333333335
202,0.0,0.23333333333333334
203,0.0,0.23333333333333334
204,0.0,0.3
205,0.0,0.26666666666666666
206,0.0,0.36666666666666664
207,0.0,0.23333333333333334
208,0.0,0.13333333333333333
209,0.0,0.3333333333333333
210,0.0,0.2
211,0.0,0.23333333333333334
212,0.0,0.23333333333333334
213,0.0,0.3333333333333333
214,0.0,0.26666666666666666
215,0.0,0.13333333333333333
216,0.0,0.16666666666666666
217,0.0,0.26666666666666666
218,0.0,0.23333333333333334
219,0.0,0.16666666666666666
220,0.0,0.3
221,0.0,0.13333333333333333
222,0.0,0.13333333333333333
223,0.0,0.26666666666666666
224,0.0,0.23333333333333334
225,0.0,0.13333333333333333
226,0.0,0.13333333333333333
227,0.0,0.23333333333333334
228,0.0,0.3
229,0.0,0.23333333333333334
230,0.0,0.3
231,0.0,0.4
232,0.0,0.3
233,0.0,0.3
234,0.0,0.3
235,0.0,0.4
236,0.0,0.26666666666666666
237,0.0,0.4
238,0.0,0.26666666666666666
239,0.0,0.3333333333333333
240,0.0,0.3
241,0.0,0.13333333333333333
242,0.0,0.3
243,0.0,0.06666666666666667
244,0.0,0.16666666666666666
245,0.0,0.26666666666666666
246,0.0,0.3
247,0.0,0.16666666666666666
248,0.0,0.23333333333333334
249,0.0,0.2
250,0.0,0.2
251,0.0,0.2
252,0.0,0.26666666666666666
253,0.0,0.13333333333333333
254,0.0,0.26666666666666666
255,0.0,0.23333333333333334
256,0.0,0.36666666666666664
257,0.0,0.26666666666666666
258,0.0,0.26666666666666666
259,0.0,0.23333333333333334
260,0.0,0.4
261,0.0,0.23333333333333334
262,0.0,0.36666666666666664
263,0.0,0.3
264,0.0,0.3
265,0.0,0.26666666666666666
266,0.0,0.23333333333333334
267,0.0,0.3
268,0.0,0.23333333333333334
269,0.0,0.3333333333333333
270,0.0,0.1
271,0.0,0.2
272,0.0,0.26666666666666666
273,0.0,0.23333333333333334
274,0.0,0.16666666666666666
275,0.0,0.2
276,0.0,0.2
277,0.0,0.26666666666666666
278,0.0,0.16666666666666666
279,0.0,0.3333333333333333
280,0.0,0.13333333333333333
281,0.0,0.16666666666666666
282,0.0,0.36666666666666664
283,0.0,0.2
284,0.0,0.13333333333333333
285,0.0,0.1
286,0.0,0.2
287,0.0,0.2
288,0.0,0.16666666666666666
289,0.0,0.26666666666666666
290,0.0,0.23333333333333334
291,0.0,0.13333333333333333
292,0.0,0.4
293,0.0,0.26666666666666666
294,0.0,0.16666666666666666
295,0.0,0.16666666666666666
296,0.0,0.2
297,0.0,0.26666666666666666
298,0.0,0.16666666666666666
299,0.0,0.23333333333333334
300,0.0,0.3
0,0,0
1,0.0,0.23333333333333334
2,0.0,0.23333333333333334
3,0.0,0.16666666666666666
4,0.0,0.2
5,0.0,0.16666666666666666
6,0.0,0.3333333333333333
7,0.0,0.23333333333333334
8,0.0,0.23333333333333334
9,0.0,0.26666666666666666
10,0.0,0.3333333333333333
11,0.0,0.23333333333333334
12,0.0,0.26666666666666666
13,0.0,0.26666666666666666
14,0.0,0.2
15,0.0,0.16666666666666666
16,0.0,0.26666666666666666
17,0.0,0.23333333333333334
18,0.0,0.2
19,0.0,0.13333333333333333
20,0.0,0.26666666666666666
21,0.0,0.16666666666666666
22,0.0,0.3
23,0.0,0.23333333333333334
24,0.0,0.23333333333333334
25,0.0,0.26666666666666666
26,0.0,0.2
27,0.0,0.2
28,0.0,0.23333333333333334
29,0.0,0.2
30,0.0,0.26666666666666666
31,0.0,0.26666666666666666
32,0.0,0.03333333333333333
33,0.0,0.2
34,0.0,0.23333333333333334
35,0.0,0.3
36,0.0,0.3333333333333333
37,0.0,0.26666666666666666
38,0.0,0.23333333333333334
39,0.0,0.23333333333333334
40,0.0,0.3
41,0.0,0.16666666666666666
42,0.0,0.2
43,0.0,0.4
44,0.0,0.23333333333333334
45,0.0,0.26666666666666666
46,0.0,0.26666666666666666
47,0.0,0.23333333333333334
48,0.0,0.26666666666666666
49,0.0,0.26666666666666666
50,0.0,0.3333333333333333
51,0.0,0.23333333333333334
52,0.0,0.2
53,0.0,0.3333333333333333
54,0.0,0.4
55,0.0,0.3333333333333333
56,0.0,0.3
57,0.0,0.16666666666666666
58,0.0,0.1
59,0.0,0.23333333333333334
60,0.0,0.16666666666666666
61,0.0,0.26666666666666666
62,0.0,0.3333333333333333
63,0.0,0.2
64,0.0,0.36666666666666664
65,0.0,0.3333333333333333
66,0.0,0.3333333333333333
67,0.0,0.26666666666666666
68,0.0,0.3
69,0.0,0.23333333333333334
70,0.0,0.43333333333333335
71,0.0,0.23333333333333334
72,0.0,0.13333333333333333
73,0.0,0.3333333333333333
74,0.0,0.23333333333333334
75,0.0,0.23333333333333334
76,0.0,0.26666666666666666
77,0.0,0.3333333333333333
78,0.0,0.26666666666666666
79,0.0,0.3333333333333333
80,0.0,0.36666666666666664
81,0.0,0.26666666666666666
82,0.0,0.23333333333333334
83,0.0,0.16666666666666666
84,0.0,0.3
85,0.0,0.3
86,0.0,0.4666666666666667
87,0.0,0.16666666666666666
88,0.0,0.3
89,0.0,0.16666666666666666
90,0.0,0.36666666666666664
91,0.0,0.4
92,0.0,0.2
93,0.0,0.3333333333333333
94,0.0,0.2
95,0.0,0.3333333333333333
96,0.0,0.23333333333333334
97,0.0,0.26666666666666666
98,0.0,0.2
99,0.0,0.3
100,0.0,0.13333333333333333
101,0.0,0.26666666666666666
102,0.0,0.1
103,0.0,0.26666666666666666
104,0.0,0.3
105,0.0,0.3333333333333333
106,0.0,0.23333333333333334
107,0.0,0.26666666666666666
108,0.0,0.36666666666666664
109,0.0,0.3333333333333333
110,0.0,0.2
111,0.0,0.3
112,0.0,0.3
113,0.0,0.23333333333333334
114,0.0,0.2
115,0.0,0.3
116,0.0,0.23333333333333334
117,0.0,0.23333333333333334
118,0.0,0.36666666666666664
119,0.0,0.16666666666666666
120,0.0,0.13333333333333333
121,0.0,0.26666666666666666
122,0.0,0.26666666666666666
123,0.0,0.13333333333333333
124,0.0,0.16666666666666666
125,0.0,0.3333333333333333
126,0.0,0.2
127,0.0,0.3333333333333333
128,0.0,0.23333333333333334
129,0.0,0.3333333333333333
130,0.0,0.23333333333333334
131,0.0,0.26666666666666666
132,0.0,0.43333333333333335
133,0.0,0.43333333333333335
134,0.0,0.4
135,0.0,0.16666666666666666
136,0.0,0.3
137,0.0,0.4
138,0.0,0.26666666666666666
139,0.0,0.3333333333333333
140,0.0,0.3333333333333333
141,0.0,0.36666666666666664
142,0.0,0.13333333333333333
143,0.0,0.23333333333333334
144,0.0,0.26666666666666666
145,0.0,0.3
146,0.0,0.23333333333333334
147,0.0,0.26666666666666666
148,0.0,0.2
149,0.0,0.23333333333333334
150,0.0,0.3
151,0.0,0.2
152,0.0,0.3
153,0.0,0.1
154,0.0,0.2
155,0.0,0.23333333333333334
156,0.0,0.13333333333333333
157,0.0,0.23333333333333334
158,0.0,0.23333333333333334
159,0.0,0.3333333333333333
160,0.0,0.2
161,0.0,0.3
162,0.0,0.2
163,0.0,0.23333333333333334
164,0.0,0.43333333333333335
165,0.0,0.2
166,0.0,0.3
167,0.0,0.3
168,0.0,0.2
169,0.0,0.23333333333333334
170,0.0,0.2
171,0.0,0.23333333333333334
172,0.0,0.16666666666666666
173,0.0,0.23333333333333334
174,0.0,0.36666666666666664
175,0.0,0.16666666666666666
176,0.0,0.2
177,0.0,0.3
178,0.0,0.3333333333333333
179,0.0,0.23333333333333334
180,0.0,0.23333333333333334
181,0.0,0.23333333333333334
182,0.0,0.3
183,0.0,0.2
184,0.0,0.3
185,0.0,0.4
186,0.0,0.3
187,0.0,0.3333333333333333
188,0.0,0.26666666666666666
189,0.0,0.26666666666666666
190,0.0,0.3
191,0.0,0.23333333333333334
192,0.0,0.2
193,0.0,0.36666666666666664
194,0.0,0.16666666666666666
195,0.0,0.26666666666666666
196,0.0,0.3333333333333333
197,0.0,0.2
198,0.0,0.3
199,0.0,0.26666666666666666
200,0.0,0.23333333333333334
201,0.0,0.13333333333333333
202,0.0,0.3
203,0.0,0.26666666666666666
204,0.0,0.16666666666666666
205,0.0,0.26666666666666666
206,0.0,0.1
207,0.0,0.2
208,0.0,0.26666666666666666
209,0.0,0.26666666666666666
210,0.0,0.16666666666666666
211,0.0,0.3
212,0.0,0.23333333333333334
213,0.0,0.2
214,0.0,0.1
215,0.0,0.2
216,0.0,0.2
217,0.0,0.36666666666666664
218,0.0,0.3333333333333333
219,0.0,0.3
220,0.0,0.16666666666666666
221,0.0,0.23333333333333334
222,0.0,0.4
223,0.0,0.3
224,0.0,0.26666666666666666
225,0.0,0.23333333333333334
226,0.0,0.2
227,0.0,0.23333333333333334
228,0.0,0.23333333333333334
229,0.0,0.26666666666666666
230,0.0,0.13333333333333333
231,0.0,0.3
232,0.0,0.43333333333333335
233,0.0,0.36666666666666664
234,0.0,0.13333333333333333
235,0.0,0.26666666666666666
236,0.0,0.16666666666666666
237,0.0,0.23333333333333334
238,0.0,0.23333333333333334
239,0.0,0.26666666666666666
240,0.0,0.2
241,0.0,0.2
242,0.0,0.3333333333333333
243,0.0,0.3333333333333333
244,0.0,0.23333333333333334
245,0.0,0.2
246,0.0,0.13333333333333333
247,0.0,0.4
248,0.0,0.3333333333333333
249,0.0,0.23333333333333334
250,0.0,0.26666666666666666
251,0.0,0.23333333333333334
252,0.0,0.3333333333333333
253,0.0,0.26666666666666666
254,0.0,0.23333333333333334
255,0.0,0.2
256,0.0,0.3
257,0.0,0.2
258,0.0,0.43333333333333335
259,0.0,0.23333333333333334
260,0.0,0.26666666666666666
261,0.0,0.16666666666666666
262,0.0,0.1
263,0.0,0.3333333333333333
264,0.0,0.23333333333333334
265,0.0,0.3333333333333333
266,0.0,0.26666666666666666
267,0.0,0.26666666666666666
268,0.0,0.1
269,0.0,0.36666666666666664
270,0.0,0.2
271,0.0,0.16666666666666666
272,0.0,0.3
273,0.0,0.13333333333333333
274,0.0,0.36666666666666664
275,0.0,0.23333333333333334
276,0.0,0.23333333333333334
277,0.0,0.36666666666666664
278,0.0,0.26666666666666666
279,0.0,0.3333333333333333
280,0.0,0.23333333333333334
281,0.0,0.23333333333333334
282,0.0,0.26666666666666666
283,0.0,0.23333333333333334
284,0.0,0.16666666666666666
285,0.0,0.36666666666666664
286,0.0,0.2
287,0.0,0.2
288,0.0,0.13333333333333333
289,0.0,0.16666666666666666
290,0.0,0.16666666666666666
291,0.0,0.2
292,0.0,0.2
293,0.0,0.4666666666666667
294,0.0,0.36666666666666664
295,0.0,0.2
296,0.0,0.16666666666666666
297,0.0,0.3333333333333333
298,0.0,0.16666666666666666
299,0.0,0.3333333333333333
300,0.0,0.2
0,0,0
1,0.0,0.2
2,0.0,0.36666666666666664
3,0.0,0.23333333333333334
4,0.0,0.26666666666666666
5,0.0,0.3333333333333333
6,0.0,0.06666666666666667
7,0.0,0.23333333333333334
8,0.0,0.3333333333333333
9,0.0,0.3333333333333333
10,0.0,0.3
11,0.0,0.36666666666666664
12,0.0,0.26666666666666666
13,0.0,0.4
14,0.0,0.43333333333333335
15,0.0,0.13333333333333333
16,0.0,0.13333333333333333
17,0.0,0.2
18,0.0,0.16666666666666666
19,0.0,0.13333333333333333
20,0.0,0.13333333333333333
21,0.0,0.3333333333333333
22,0.0,0.1
23,0.0,0.23333333333333334
24,0.0,0.23333333333333334
25,0.0,0.1
26,0.0,0.3
27,0.0,0.23333333333333334
28,0.0,0.2
29,0.0,0.2
30,0.0,0.2
31,0.0,0.16666666666666666
32,0.0,0.16666666666666666
33,0.0,0.2
34,0.0,0.3
35,0.0,0.23333333333333334
36,0.0,0.16666666666666666
37,0.0,0.23333333333333334
38,0.0,0.26666666666666666
39,0.0,0.3
40,0.0,0.3
41,0.0,0.26666666666666666
42,0.0,0.3333333333333333
43,0.0,0.2
44,0.0,0.23333333333333334
45,0.0,0.16666666666666666
46,0.0,0.26666666666666666
47,0.0,0.23333333333333334
48,0.0,0.2
49,0.0,0.3333333333333333
50,0.0,0.16666666666666666
51,0.0,0.2
52,0.0,0.13333333333333333
53,0.0,0.3
54,0.0,0.13333333333333333
55,0.0,0.3
56,0.0,0.26666666666666666
57,0.0,0.26666666666666666
58,0.0,0.36666666666666664
59,0.0,0.2
60,0.0,0.26666666666666666
61,0.0,0.2
62,0.0,0.3
63,0.0,0.26666666666666666
64,0.0,0.2
65,0.0,0.3
66,0.0,0.2
67,0.0,0.4
68,0.0,0.3
69,0.0,0.3333333333333333
70,0.0,0.16666666666666666
71,0.0,0.2
72,0.0,0.26666666666666666
73,0.0,0.3333333333333333
74,0.0,0.1
75,0.0,0.3333333333333333
76,0.0,0.23333333333333334
77,0.0,0.2
78,0.0,0.23333333333333334
79,0.0,0.2
80,0.0,0.2
81,0.0,0.2
82,0.0,0.36666666666666664
83,0.0,0.16666666666666666
84,0.0,0.2
85,0.0,0.23333333333333334
86,0.0,0.23333333333333334
87,0.0,0.26666666666666666
88,0.0,0.16666666666666666
89,0.0,0.3333333333333333
90,0.0,0.1
91,0.0,0.2
92,0.0,0.3333333333333333
93,0.0,0.23333333333333334
94,0.0,0.3
95,0.0,0.3333333333333333
96,0.0,0.3
97,0.0,0.3333333333333333
98,0.0,0.36666666666666664
99,0.0,0.36666666666666664
100,0.0,0.3
101,0.0,0.3
102,0.0,0.3333333333333333
103,0.0,0.3333333333333333
104,0.0,0.4
105,0.0,0.36666666666666664
106,0.0,0.4666666666666667
107,0.0,0.23333333333333334
108,0.0,0.2
109,0.0,0.3333333333333333
110,0.0,0.23333333333333334
111,0.0,0.3333333333333333
112,0.0,0.26666666666666666
113,0.0,0.3333333333333333
114,0.0,0.16666666666666666
115,0.0,0.16666666666666666
116,0.0,0.2
117,0.0,0.36666666666666664
118,0.0,0.4
119,0.0,0.16666666666666666
120,0.0,0.23333333333333334
121,0.0,0.26666666666666666
122,0.0,0.23333333333333334
123,0.0,0.3333333333333333
124,0.0,0.2
125,0.0,0.3
126,0.0,0.3333333333333333
127,0.0,0.3333333333333333
128,0.0,0.2
129,0.0,0.26666666666666666
130,0.0,0.2
131,0.0,0.03333333333333333
132,0.0,0.3
133,0.0,0.2
134,0.0,0.16666666666666666
135,0.0,0.26666666666666666
136,0.0,0.16666666666666666
137,0.0,0.26666666666666666
138,0.0,0.3
139,0.0,0.4
140,0.0,0.3
141,0.0,0.1
142,0.0,0.3
143,0.0,0.3
144,0.0,0.3333333333333333
145,0.0,0.23333333333333334
146,0.0,0.23333333333333334
147,0.0,0.2
148,0.0,0.2
149,0.0,0.16666666666666666
150,0.0,0.3
151,0.0,0.16666666666666666
152,0.0,0.3
153,0.0,0.2
154,0.0,0.2
155,0.0,0.3333333333333333
156,0.0,0.1
157,0.0,0.26666666666666666
158,0.0,0.1
159,0.0,0.06666666666666667
160,0.0,0.23333333333333334
161,0.0,0.2
162,0.0,0.3333333333333333
163,0.0,0.3
164,0.0,0.16666666666666666
165,0.0,0.2
166,0.0,0.2
167,0.0,0.3
168,0.0,0.2
169,0.0,0.26666666666666666
170,0.0,0.23333333333333334
171,0.0,0.4
172,0.0,0.3
173,0.0,0.3333333333333333
174,0.0,0.16666666666666666
175,0.0,0.26666666666666666
176,0.0,0.3
177,0.0,0.13333333333333333
178,0.0,0.4
179,0.0,0.3333333333333333
180,0.0,0.2
181,0.0,0.26666666666666666
182,0.0,0.16666666666666666
183,0.0,0.23333333333333334
184,0.0,0.2
185,0.0,0.3333333333333333
186,0.0,0.43333333333333335
187,0.0,0.3333333333333333
188,0.0,0.26666666666666666
189,0.0,0.26666666666666666
190,0.0,0.4
191,0.0,0.23333333333333334
192,0.0,0.26666666666666666
193,0.0,0.26666666666666666
194,0.0,0.4
195,0.0,0.26666666666666666
196,0.0,0.26666666666666666
197,0.0,0.26666666666666666
198,0.0,0.23333333333333334
199,0.0,0.16666666666666666
200,0.0,0.26666666666666666
201,0.0,0.26666666666666666
202,0.0,0.26666666666666666
203,0.0,0.16666666666666666
204,0.0,0.3
205,0.0,0.23333333333333334
206,0.0,0.3
207,0.0,0.43333333333333335
208,0.0,0.3333333333333333
209,0.0,0.3
210,0.0,0.3
211,0.0,0.2
212,0.0,0.23333333333333334
213,0.0,0.16666666666666666
214,0.0,0.26666666666666666
215,0.0,0.23333333333333334
216,0.0,0.2
217,0.0,0.16666666666666666
218,0.0,0.13333333333333333
219,0.0,0.16666666666666666
220,0.0,0.1
221,0.0,0.13333333333333333
222,0.0,0.36666666666666664
223,0.0,0.3
224,0.0,0.23333333333333334
225,0.0,0.16666666666666666
226,0.0,0.26666666666666666
227,0.0,0.23333333333333334
228,0.0,0.23333333333333334
229,0.0,0.1
230,0.0,0.3
231,0.0,0.13333333333333333
232,0.0,0.26666666666666666
233,0.0,0.2
234,0.0,0.2
235,0.0,0.23333333333333334
236,0.0,0.13333333333333333
237,0.0,0.2
238,0.0,0.26666666666666666
239,0.0,0.13333333333333333
240,0.0,0.16666666666666666
241,0.0,0.3
242,0.0,0.06666666666666667
243,0.0,0.23333333333333334
244,0.0,0.2
245,0.0,0.23333333333333334
246,0.0,0.3
247,0.0,0.23333333333333334
248,0.0,0.4666666666666667
249,0.0,0.16666666666666666
250,0.0,0.3
251,0.0,0.23333333333333334
252,0.0,0.26666666666666666
253,0.0,0.43333333333333335
254,0.0,0.3
255,0.0,0.16666666666666666
256,0.0,0.26666666666666666
257,0.0,0.36666666666666664
258,0.0,0.4666666666666667
259,0.0,0.23333333333333334
260,0.0,0.26666666666666666
261,0.0,0.26666666666666666
262,0.0,0.3333333333333333
263,0.0,0.16666666666666666
264,0.0,0.23333333333333334
265,0.0,0.16666666666666666
266,0.0,0.2
267,0.0,0.3
268,0.0,0.16666666666666666
269,0.0,0.2
270,0.0,0.2
271,0.0,0.3
272,0.0,0.36666666666666664
273,0.0,0.16666666666666666
274,0.0,0.16666666666666666
275,0.0,0.23333333333333334
276,0.0,0.1
277,0.0,0.3
278,0.0,0.3333333333333333
279,0.0,0.36666666666666664
280,0.0,0.1
281,0.0,0.3
282,0.0,0.13333333333333333
283,0.0,0.3
284,0.0,0.36666666666666664
285,0.0,0.23333333333333334
286,0.0,0.23333333333333334
287,0.0,0.36666666666666664
288,0.0,0.26666666666666666
289,0.0,0.26666666666666666
290,0.0,0.23333333333333334
291,0.0,0.13333333333333333
292,0.0,0.26666666666666666
293,0.0,0.13333333333333333
294,0.0,0.3
295,0.0,0.2
296,0.0,0.2
297,0.0,0.16666666666666666
298,0.0,0.26666666666666666
299,0.0,0.23333333333333334
300,0.0,0.1
0,0,0
1,0.0,0.3333333333333333
2,0.0,0.23333333333333334
3,0.0,0.2
4,0.0,0.26666666666666666
5,0.0,0.2
6,0.0,0.3
7,0.0,0.2
8,0.0,0.23333333333333334
9,0.0,0.23333333333333334
10,0.0,0.3
11,0.0,0.23333333333333334
12,0.0,0.23333333333333334
13,0.0,0.23333333333333334
14,0.0,0.2
15,0.0,0.26666666666666666
16,0.0,0.3
17,0.0,0.26666666666666666
18,0.0,0.2
19,0.0,0.3
20,0.0,0.3
21,0.0,0.3
22,0.0,0.3
23,0.0,0.3
24,0.0,0.3333333333333333
25,0.0,0.2
26,0.0,0.2
27,0.0,0.3
28,0.0,0.23333333333333334
29,0.0,0.16666666666666666
30,0.0,0.1
31,0.0,0.3333333333333333
32,0.0,0.1
33,0.0,0.3333333333333333
34,0.0,0.3
35,0.0,0.3
36,0.0,0.3333333333333333
37,0.0,0.2
38,0.0,0.26666666666666666
39,0.0,0.3333333333333333
40,0.0,0.3333333333333333
41,0.0,0.3
42,0.0,0.23333333333333334
43,0.0,0.1
44,0.0,0.23333333333333334
45,0.0,0.3
46,0.0,0.2
47,0.0,0.26666666666666666
48,0.0,0.2
49,0.0,0.3333333333333333
50,0.0,0.26666666666666666
51,0.0,0.23333333333333334
52,0.0,0.3
53,0.0,0.26666666666666666
54,0.0,0.3
55,0.0,0.26666666666666666
56,0.0,0.4666666666666667
57,0.0,0.23333333333333334
58,0.0,0.36666666666666664
59,0.0,0.26666666666666666
60,0.0,0.26666666666666666
61,0.0,0.23333333333333334
62,0.0,0.26666666666666666
63,0.0,0.3
64,0.0,0.2
65,0.0,0.16666666666666666
66,0.0,0.3333333333333333
67,0.0,0.23333333333333334
68,0.0,0.2
69,0.0,0.3333333333333333
70,0.0,0.3333333333333333
71,0.0,0.23333333333333334
72,0.0,0.3
73,0.0,0.3333333333333333
74,0.0,0.3333333333333333
75,0.0,0.2
76,0.0,0.13333333333333333
77,0.0,0.3333333333333333
78,0.0,0.26666666666666666
79,0.0,0.3333333333333333
80,0.0,0.3333333333333333
81,0.0,0.13333333333333333
82,0.0,0.23333333333333334
83,0.0,0.2
84,0.0,0.13333333333333333
85,0.0,0.4
86,0.0,0.26666666666666666
87,0.0,0.13333333333333333
88,0.0,0.23333333333333334
89,0.0,0.16666666666666666
90,0.0,0.2
91,0.0,0.4
92,0.0,0.4
93,0.0,0.36666666666666664
94,0.0,0.3333333333333333
95,0.0,0.16666666666666666
96,0.0,0.2
97,0.0,0.3
98,0.0,0.23333333333333334
99,0.0,0.43333333333333335
100,0.0,0.36666666666666664
101,0.0,0.3
102,0.0,0.26666666666666666
103,0.0,0.43333333333333335
104,0.0,0.3333333333333333
105,0.0,0.23333333333333334
106,0.0,0.23333333333333334
107,0.0,0.1
108,0.0,0.26666666666666666
109,0.0,0.3
110,0.0,0.3333333333333333
111,0.0,0.1
112,0.0,0.3333333333333333
113,0.0,0.23333333333333334
114,0.0,0.2
115,0.0,0.3333333333333333
116,0.0,0.26666666666666666
117,0.0,0.13333333333333333
118,0.0,0.16666666666666666
119,0.0,0.23333333333333334
120,0.0,0.23333333333333334
121,0.0,0.23333333333333334
122,0.0,0.3
123,0.0,0.13333333333333333
124,0.0,0.13333333333333333
125,0.0,0.23333333333333334
126,0.0,0.16666666666666666
127,0.0,0.16666666666666666
128,0.0,0.13333333333333333
129,0.0,0.23333333333333334
130,0.0,0.13333333333333333
131,0.0,0.16666666666666666
132,0.0,0.26666666666666666
133,0.0,0.26666666666666666
134,0.0,0.23333333333333334
135,0.0,0.2
136,0.0,0.3
137,0.0,0.23333333333333334
138,0.0,0.3333333333333333
139,0.0,0.13333333333333333
140,0.0,0.23333333333333334
141,0.0,0.2
142,0.0,0.3
143,0.0,0.26666666666666666
144,0.0,0.3
145,0.0,0.3
146,0.0,0.16666666666666666
147,0.0,0.23333333333333334
148,0.0,0.16666666666666666
149,0.0,0.26666666666666666
150,0.0,0.13333333333333333
151,0.0,0.26666666666666666
152,0.0,0.16666666666666666
153,0.0,0.16666666666666666
154,0.0,0.16666666666666666
155,0.0,0.2
156,0.0,0.26666666666666666
157,0.0,0.16666666666666666
158,0.0,0.2
159,0.0,0.13333333333333333
160,0.0,0.3
161,0.0,0.23333333333333334
162,0.0,0.16666666666666666
163,0.0,0.13333333333333333
164,0.0,0.26666666666666666
165,0.0,0.2
166,0.0,0.4
167,0.0,0.13333333333333333
168,0.0,0.1
169,0.0,0.16666666666666666
170,0.0,0.26666666666666666
171,0.0,0.16666666666666666
172,0.0,0.23333333333333334
173,0.0,0.23333333333333334
174,0.0,0.3333333333333333
175,0.0,0.3
176,0.0,0.36666666666666664
177,0.0,0.26666666666666666
178,0.0,0.26666666666666666
179,0.0,0.3
180,0.0,0.3333333333333333
181,0.0,0.23333333333333334
182,0.0,0.16666666666666666
183,0.0,0.23333333333333334
184,0.0,0.13333333333333333
185,0.0,0.23333333333333334
186,0.0,0.3333333333333333
187,0.0,0.26666666666666666
188,0.0,0.26666666666666666
189,0.0,0.3
190,0.0,0.13333333333333333
191,0.0,0.2
192,0.0,0.3
193,0.0,0.2
194,0.0,0.4
195,0.0,0.3333333333333333
196,0.0,0.3
197,0.0,0.23333333333333334
198,0.0,0.23333333333333334
199,0.0,0.3
200,0.0,0.4666666666666667
201,0.0,0.3333333333333333
202,0.0,0.4
203,0.0,0.4
204,0.0,0.3
205,0.0,0.3
206,0.0,0.26666666666666666
207,0.0,0.3
208,0.0,0.3
209,0.0,0.13333333333333333
210,0.0,0.3
211,0.0,0.2
212,0.0,0.26666666666666666
213,0.0,0.2
214,0.0,0.23333333333333334
215,0.0,0.3333333333333333
216,0.0,0.36666666666666664
217,0.0,0.2
218,0.0,0.43333333333333335
219,0.0,0.36666666666666664
220,0.0,0.2
221,0.0,0.2
222,0.0,0.4666666666666667
223,0.0,0.2
224,0.0,0.16666666666666666
225,0.0,0.3333333333333333
226,0.0,0.3333333333333333
227,0.0,0.3
228,0.0,0.23333333333333334
229,0.0,0.26666666666666666
230,0.0,0.4
231,0.0,0.23333333333333334
232,0.0,0.2
233,0.0,0.23333333333333334
234,0.0,0.23333333333333334
235,0.0,0.23333333333333334
236,0.0,0.3
237,0.0,0.3
238,0.0,0.3333333333333333
239,0.0,0.26666666666666666
240,0.0,0.13333333333333333
241,0.0,0.26666666666666666
242,0.0,0.3
243,0.0,0.26666666666666666
244,0.0,0.2
245,0.0,0.4
246,0.0,0.23333333333333334
247,0.0,0.23333333333333334
248,0.0,0.13333333333333333
249,0.0,0.1
250,0.0,0.3333333333333333
251,0.0,0.26666666666666666
252,0.0,0.36666666666666664
253,0.0,0.26666666666666666
254,0.0,0.36666666666666664
255,0.0,0.3333333333333333
256,0.0,0.16666666666666666
257,0.0,0.26666666666666666
258,0.0,0.3333333333333333
259,0.0,0.23333333333333334
260,0.0,0.3
261,0.0,0.16666666666666666
262,0.0,0.36666666666666664
263,0.0,0.3
264,0.0,0.3333333333333333
265,0.0,0.2
266,0.0,0.26666666666666666
267,0.0,0.36666666666666664
268,0.0,0.3
269,0.0,0.4
270,0.0,0.3
271,0.0,0.13333333333333333
272,0.0,0.4
273,0.0,0.23333333333333334
274,0.0,0.26666666666666666
275,0.0,0.26666666666666666
276,0.0,0.4
277,0.0,0.26666666666666666
278,0.0,0.4
279,0.0,0.3
280,0.0,0.3333333333333333
281,0.0,0.23333333333333334
282,0.0,0.23333333333333334
283,0.0,0.36666666666666664
284,0.0,0.26666666666666666
285,0.0,0.23333333333333334
286,0.0,0.4
287,0.0,0.23333333333333334
288,0.0,0.23333333333333334
289,0.0,0.16666666666666666
290,0.0,0.16666666666666666
291,0.0,0.23333333333333334
292,0.0,0.1
293,0.0,0.16666666666666666
294,0.0,0.43333333333333335
295,0.0,0.4
296,0.0,0.23333333333333334
297,0.0,0.23333333333333334
298,0.0,0.2
299,0.0,0.23333333333333334
300,0.0,0.4666666666666667
